Feature ID	Taxon	Confidence	Consensus	Method
#q2:types	categorical	categorical	categorical	categorical
0094a0291a7965827b291d5e4c08b740	d__Eukaryota; k__Animalia; p__Cnidaria; c__Hydrozoa; o__Anthoathecata; f__Anthoathecata; g__Anthoathecata; s__Pandea_sp.	0.9984656752148389	1.0	sklearn
0159ee7a4ae8542b084318717d36527a	d__Eukaryota; k__Animalia	0.8634355160459463	1.0	sklearn
016ab1cfad3534e7a3d79a4c5f33033b	d__Eukaryota; k__Animalia; p__Arthropoda; c__Maxillopoda; o__Cyclopoida; f__Cyclopoida; g__Cyclopoida; s__uncultured_eukaryote	0.9727433676328656	1.0	sklearn
01d454571201946481b2e43ba9cf04a0	d__Eukaryota; k__Animalia; p__Arthropoda; c__Maxillopoda	0.969332946564595	1.0	sklearn
0236c2517284a825cdd3c1a6e7007184	d__Eukaryota; k__Animalia; p__Rotifera; c__Monogononta; o__Ploimida; f__Ploimida; g__Ploimida; s__Synchaeta_tremula	0.9928090525913283	1.0	sklearn
02ff37334f005e7518269da46573fa25	d__Eukaryota; k__Animalia	0.8722436444854036	1.0	sklearn
0325559a25c3e9ecd6a3aa47d5f2a5ae	d__Eukaryota; k__Animalia; p__Cnidaria; c__Scyphozoa; o__Semaeostomeae; f__Semaeostomeae; g__Semaeostomeae; s__Phacellophora_camtschatica	0.9999999290817695	1.0	sklearn
03a9d9338eef1b468f7fae2839409d0e	d__Eukaryota; k__Animalia	0.8291421762005987	1.0	sklearn
04561f6cb9bad443e5da1ebdd204396f	d__Eukaryota; k__Animalia; p__Tunicata; c__Appendicularia; o__Copelata; f__Oikopleuridae; g__Oikopleuridae; s__uncultured_eukaryote	0.9906229847949896	1.0	sklearn
049d4f8785b0b54aaf378896e837565e	d__Eukaryota; k__Animalia; p__Arthropoda; c__Maxillopoda; o__Cyclopoida; f__Cyclopoida; g__Cyclopoida; s__uncultured_eukaryote		1.0	VSEARCH
04d33681c97cbbba4703a46b090876a9	d__Eukaryota; k__Animalia; p__Arthropoda; c__Insecta; o__Diptera; f__Diptera; g__Diptera	0.9999468449024018	1.0	sklearn
04d7bcb12758ad31a81281bc568ebe62	d__Eukaryota; k__Animalia; p__Ctenophora	0.9999170148258397	1.0	sklearn
050a6aa9586bf348966a2a86dfd437b9	d__Eukaryota; k__Animalia; p__Cnidaria; c__Hydrozoa; o__Narcomedusae; f__Narcomedusae; g__Narcomedusae; s__Cunina_frugifera		1.0	VSEARCH
052686d6eddfee9f88fd9f07d78e1091	d__Eukaryota; k__Animalia; p__Arthropoda; c__Maxillopoda	0.998763903270019	1.0	sklearn
05efbb4c9293267db42180fcbe378ffb	d__Eukaryota; k__Animalia; p__uncultured; c__uncultured; o__uncultured; f__uncultured; g__uncultured; s__uncultured_eukaryote	0.8189016453541282	1.0	sklearn
05fe065b48c353de4b5db9977402b158	d__Eukaryota; k__Alveolata; p__Protalveolata; c__Syndiniales; o__Syndiniales; f__Syndiniales_Group_II; g__Syndiniales_Group_II; s__uncultured_eukaryote		1.0	VSEARCH
065b9a1255a03f844103dab0be73df65	d__Eukaryota; k__Animalia; p__Cnidaria; c__Hydrozoa; o__Trachylinae; f__Trachylinae; g__Trachylinae; s__uncultured_eukaryote	0.9999141163070263	1.0	sklearn
06caff9aadbbdaf775f31df05576a748	d__Eukaryota; k__Animalia; p__Arthropoda; c__Malacostraca; o__Eucarida; f__Eucarida; g__Eucarida; s__Acanthephyra_purpurea	0.9997180369339854	1.0	sklearn
070990e1d95d84eff6ad867e28492f2e	d__Eukaryota	0.9999999998834842	1.0	sklearn
0713b452baa1c1e61ab9b5af630b4673	d__Eukaryota; k__Animalia; p__Vertebrata; c__Mammalia; o__Mammalia; f__Mammalia; g__Mammalia; s__Homo_sapiens		1.0	VSEARCH
071fb19ec0a465e020047ce6341ef450	d__Eukaryota; k__Animalia; p__Arthropoda; c__Ostracoda; o__Halocyprida; f__Halocyprida; g__Halocyprida; s__marine_metagenome	0.9958973320948415	1.0	sklearn
0723d861953f2dea8cbf80a801447033	d__Eukaryota; k__Animalia; p__Cnidaria; c__Hydrozoa; o__Narcomedusae; f__Narcomedusae; g__Narcomedusae; s__Cunina_frugifera	0.9999995643097134	1.0	sklearn
075376a50f01c6da8c946733dd900e19	d__Eukaryota; k__Animalia; p__Cnidaria; c__Hydrozoa; o__Narcomedusae; f__Narcomedusae; g__Narcomedusae; s__uncultured_eukaryote	0.9973713561693115	1.0	sklearn
08dbcbc42067f17c2cb53fe237310b5e	d__Eukaryota; k__Animalia; p__Cnidaria; c__Hydrozoa; o__Siphonophorae; f__Siphonophorae; g__Siphonophorae; s__uncultured_eukaryote		1.0	VSEARCH
099c75b7b62ae1bbfa3cb8fcc7d3a3fd	d__Eukaryota; k__Animalia; p__Arthropoda; c__Maxillopoda; o__Cyclopoida; f__Cyclopoida; g__Cyclopoida; s__uncultured_eukaryote	0.9992215885015767	1.0	sklearn
09df105230b1c95b6f942692501f2036	d__Eukaryota	0.9999999993520364	1.0	sklearn
0a2de7e900a6707120e06d4522ad2aa9	d__Eukaryota; k__Animalia; p__Arthropoda; c__Maxillopoda	0.9343463501922663	1.0	sklearn
0ae74bd97502b189aa043c64c792345b	d__Eukaryota; k__Animalia; p__Cnidaria; c__Hydrozoa; o__Siphonophorae; f__Siphonophorae; g__Siphonophorae; s__uncultured_eukaryote		1.0	VSEARCH
0ae87e229c9846270aa798af93b44825	d__Eukaryota; k__Animalia; p__uncultured; c__uncultured; o__uncultured; f__uncultured; g__uncultured; s__uncultured_eukaryote	0.9534390443397719	1.0	sklearn
0b0c6436cc727a137c8c1bdfb65d6d52	d__Eukaryota; k__Animalia; p__uncultured; c__uncultured; o__uncultured; f__uncultured; g__uncultured; s__uncultured_eukaryote	0.8652007822711135	1.0	sklearn
0c1439eaa27254e7c9b4cd3c80ab328f	d__Eukaryota; k__Animalia; p__Arthropoda; c__Ellipura; o__Collembola; f__Collembola; g__Collembola	0.9997780950285595	1.0	sklearn
0c5cae15a5000f232d20fd9ea3de7c7c	d__Eukaryota; k__Animalia; p__Arthropoda; c__Maxillopoda	0.9480835534150864	1.0	sklearn
0c60291287ad7e51176eb6f07db0fe57	d__Eukaryota; k__Animalia; p__Hemichordata; c__Enteropneusta; o__Enteropneusta; f__Harrimaniidae; g__Harrimaniidae	0.9999379904126254	1.0	sklearn
0c7a1b36a55ed09019e0349c51eec7f3	d__Eukaryota; k__Animalia; p__Tunicata; c__Appendicularia; o__Copelata; f__Oikopleuridae; g__Oikopleuridae; s__uncultured_metazoan	0.9414714009695836	1.0	sklearn
0e7ba16e330be63208351c3b0fdd6a3e	d__Eukaryota; k__Animalia; p__Arthropoda; c__Malacostraca; o__Eucarida; f__Eucarida; g__Eucarida; s__Thysanoessa_longipes	0.9999984008080671	1.0	sklearn
0fa9a39ce5c6418a203d785f2a812fa2	d__Eukaryota; k__Animalia; p__Arthropoda; c__Maxillopoda; o__Calanoida; f__Calanoida; g__Calanoida; s__uncultured_eukaryote	0.8431781625510347	1.0	sklearn
10005be236319b6761bda55609224b7d	d__Eukaryota; k__Animalia	0.8401797794408299	1.0	sklearn
10407a74319f0767aaa8bf38d6d2169c	d__Eukaryota; k__Animalia; p__Mollusca; c__Bivalvia; o__Pectinoida; f__Pectinoida; g__Pectinoida; s__Placopecten_magellanicus		1.0	VSEARCH
10760cc736ab318e28145e46eff2ad6c	d__Eukaryota; k__Animalia	0.8119772237058526	1.0	sklearn
111ce9c2ad375dc774d130efd5173029	d__Eukaryota	0.9999993184835252	1.0	sklearn
11d06a7d36661358d0119170b3fdfcb8	d__Eukaryota; k__Animalia; p__Arthropoda; c__Maxillopoda; o__Calanoida; f__Calanoida; g__Calanoida; s__uncultured_eukaryote	0.9061505290794435	1.0	sklearn
12a21547f8465d950da87dfc4c0a5c93	d__Eukaryota	0.9999987871984234	1.0	sklearn
13113ca1e2ed908df4acab9a0fb86e7b	d__Eukaryota	0.9999998301057393	1.0	sklearn
140ea2f6e5ffd958aa0f7224eeab3caa	d__Eukaryota; k__Animalia; p__Cnidaria; c__Hydrozoa; o__Siphonophorae; f__Siphonophorae; g__Siphonophorae; s__uncultured_eukaryote	0.9842466396016705	1.0	sklearn
142014d4d801c9c7604590a3bba4610a	d__Eukaryota; k__Animalia; p__Annelida; c__Polychaeta; o__Phyllodocida; f__Phyllodocida; g__Phyllodocida	0.9169508310883423	1.0	sklearn
158868490d319d182a1197b7fb081095	d__Eukaryota; k__Animalia; p__Arthropoda; c__Maxillopoda	0.8386248445775938	1.0	sklearn
16b73a187f92d06a0083c3d6d1585618	d__Eukaryota; k__Animalia	0.9958906110164227	1.0	sklearn
17c6403d246da69a72a02df4054d1ab3	d__Eukaryota; k__Animalia; p__Arthropoda; c__Maxillopoda	0.9538689322738659	1.0	sklearn
19edcd29807df8527683b2bdd0dedcc7	d__Eukaryota; k__Animalia; p__Cnidaria; c__Hydrozoa; o__Trachylinae; f__Trachylinae; g__Trachylinae; s__Crossota_rufobrunnea	0.9999884527663238	1.0	sklearn
1a096a5aced125d14d7bd016f2b50549	d__Eukaryota; k__Animalia	0.8956140865516314	1.0	sklearn
1a29af58eac67385c48298b336f1cb89	d__Eukaryota; k__Animalia; p__Arthropoda; c__Maxillopoda; o__Cyclopoida; f__Cyclopoida; g__Cyclopoida; s__uncultured_eukaryote		1.0	VSEARCH
1a8c8a1f715c8e84d51bcd6c08f20835	d__Eukaryota		1.0	VSEARCH
1bb66042ac7794ed2ec3834ce78d43f1	d__Eukaryota; k__Animalia; p__uncultured; c__uncultured; o__uncultured; f__uncultured; g__uncultured; s__uncultured_eukaryote	0.9586314673956714	1.0	sklearn
1be607a97dd5be63ec2a548f8611901c	d__Eukaryota; k__Animalia; p__Cnidaria; c__Hydrozoa; o__Siphonophorae; f__Siphonophorae; g__Siphonophorae; s__uncultured_eukaryote	0.9954018771509134	1.0	sklearn
1d02cdda1fd919a1733738fb3bf190fe	d__Eukaryota; k__Animalia; p__Cnidaria; c__Hydrozoa; o__Trachymedusae; f__Trachymedusae; g__Trachymedusae; s__Ptychogastria_polaris	0.9940131716457259	1.0	sklearn
1d21be26c3eeb47e34c9471abd5f8aa8	d__Eukaryota; k__Animalia; p__Platyhelminthes; c__Trematoda	0.860615730337803	1.0	sklearn
1d53866c9f0399114eca19cff52dc3ab	d__Eukaryota; k__Animalia	0.8909074204671473	1.0	sklearn
1d729eb9b6258619695bb2d23b617564	d__Eukaryota; k__Animalia; p__Arthropoda; c__Ostracoda; o__Halocyprida; f__Halocyprida; g__Halocyprida	0.9999993687292861	1.0	sklearn
1d803c600a9d717ef2301f1587744315	d__Eukaryota; k__Animalia	0.952316648835839	1.0	sklearn
1dc7411b5f3392050a7b57ff7236e65f	d__Eukaryota; k__Animalia; p__Annelida; c__Clitellata; o__Haplotaxida; f__Haplotaxida; g__Haplotaxida; s__Stylaria_sp.		1.0	VSEARCH
1e0dc7434fa3fc74b2ff0578b8caf6c8	d__Eukaryota; k__Animalia; p__Arthropoda	0.8123489504383784	1.0	sklearn
1e4ba46d75ff78ccd3d95491bd321fef	d__Eukaryota; k__Animalia	0.8508364545841165	1.0	sklearn
1e528eb7205688c703b66a6e90301fdf	d__Eukaryota; k__Animalia; p__Arthropoda; c__Maxillopoda; o__Calanoida; f__Calanoida; g__Calanoida; s__uncultured_eukaryote		1.0	VSEARCH
1e52cc251818265e3f35def8298b6e77	d__Eukaryota; k__Animalia; p__Cnidaria; c__Hydrozoa; o__Siphonophorae; f__Siphonophorae; g__Siphonophorae; s__uncultured_eukaryote	0.9966800634641757	1.0	sklearn
1e8bab0ad004f6372b3f32b819daf3b9	d__Eukaryota; k__Animalia	0.8799632909342967	1.0	sklearn
1f044422039912f25f7e4d72aedd36bd	d__Eukaryota; k__Animalia; p__Cnidaria; c__Anthozoa; o__Ceriantharia; f__Ceriantharia; g__Ceriantharia; s__Pachycerianthus_fimbriatus	0.988961064608368	1.0	sklearn
1fb85893812e56a0dd1cf46d231133d6	d__Eukaryota; k__Animalia; p__Nematozoa; c__Chromadorea; o__Monhysterida; f__Monhysterida; g__Monhysterida; s__Tridentulus_sp.	0.9953401725551532	1.0	sklearn
1fcc76cbd7bff9a6dd69e70490f8ac99	d__Eukaryota; k__Animalia; p__Annelida; c__Polychaeta; o__Opheliidae; f__Opheliidae; g__Opheliidae; s__Ophelina_acuminata		1.0	VSEARCH
1ff1fff946d91c31af81d78212918049	d__Eukaryota; k__Animalia	0.9999988560152414	1.0	sklearn
1ffd88385fad412e59b0e4b239eda220	d__Eukaryota; k__Animalia; p__Cnidaria; c__Scyphozoa	0.9998242526247534	1.0	sklearn
2045d75eb7d6b36dd611f6cabbda22d5	d__Eukaryota	0.9999849265867519	1.0	sklearn
20dd7f0c6b1baae8509dae53269d0945	d__Eukaryota; k__Animalia; p__Arthropoda; c__Arachnida; o__Opiliones; f__Opiliones; g__Opiliones		0.667	VSEARCH
21c0a245c39c8fe1664205214cfaf73f	d__Eukaryota; k__Animalia; p__Ctenophora	0.8874934452071989	1.0	sklearn
22516654dae7faa3e5a07d43a59ffb7d	d__Eukaryota; k__Animalia; p__Cnidaria; c__Hydrozoa; o__Siphonophorae; f__Siphonophorae; g__Siphonophorae	0.8066280675653468	1.0	sklearn
22a3b60f2c0adf41c5c26e5b30bcfb09	d__Eukaryota; k__Animalia	0.9086083591572512	1.0	sklearn
23b900b3953842501dcd26a17ee11def	d__Eukaryota; k__Animalia; p__Arthropoda; c__Maxillopoda; o__Calanoida; f__Calanoida; g__Calanoida; s__Sinocalanus_sinensis	0.9931229696152032	1.0	sklearn
2407f2d992db7ab1b4b371ffad9f57d9	d__Eukaryota; k__Animalia; p__Ctenophora; c__Tentaculata; o__Cydippida; f__Cydippida; g__Cydippida; s__Lampea_pancerina	0.9181104934729889	1.0	sklearn
24b90b38d5d69546aa70f4f0bb0f09ca	d__Eukaryota; k__Animalia	0.8271339022040204	1.0	sklearn
255292bc936a67b06dbf0c9c74557b3f	d__Eukaryota; k__Animalia	0.8355835327543432	1.0	sklearn
258d14ca3547f08ac2de380089eb36b6	d__Eukaryota; k__Animalia	0.9821133543059701	1.0	sklearn
25c2c45fbfea7f5f20ce13e29f3fcb3e	d__Eukaryota; k__Animalia; p__Arthropoda; c__Malacostraca; o__Eucarida; f__Eucarida; g__Eucarida; s__Acanthephyra_purpurea		1.0	VSEARCH
25d3d9e23d6e043fb3d154de3fd63003	d__Eukaryota; k__Animalia; p__Vertebrata; c__Actinopterygii	0.93636076355173	1.0	sklearn
263ab5c30d60545afd8aaf5b6fa375cb	d__Eukaryota; k__Animalia; p__Cnidaria; c__Hydrozoa; o__Anthoathecata; f__Anthoathecata; g__Anthoathecata; s__Pandea_sp.		1.0	VSEARCH
263ccd946188524c61bd9829637ce63c	d__Eukaryota; k__Animalia; p__Arthropoda; c__Maxillopoda; o__Calanoida; f__Calanoida; g__Calanoida; s__Junceella_aquamata	0.993524523693215	1.0	sklearn
2662b39befc48fed4e530e9edcb3461f	d__Eukaryota; k__Animalia; p__Annelida; c__Polychaeta; o__Eunicida; f__Eunicida; g__Eunicida	0.9984488324983125	1.0	sklearn
268d84d4df973e6d848ce4e653550029	d__Eukaryota; k__Animalia	0.8886419054606448	1.0	sklearn
269ed69c665976b78f31e4ccaa7887ab	d__Eukaryota; k__Animalia; p__Annelida; c__Polychaeta; o__Phyllodocida; f__Phyllodocida; g__Phyllodocida	0.9979393306868328	1.0	sklearn
26dcabd2661f9fa4855fede13080d90c	d__Eukaryota; k__Animalia; p__Cnidaria; c__Hydrozoa; o__Leptothecata; f__Leptothecata; g__Leptothecata; s__Rhacostoma_atlanticum	0.9680321437697468	1.0	sklearn
270ecc92a2c140a93821eb8bd4e57ada	d__Eukaryota; k__Animalia; p__Arthropoda; c__Maxillopoda; o__Calanoida; f__Calanoida; g__Calanoida; s__uncultured_eukaryote	0.908146368718814	1.0	sklearn
271ee788d2a3dfdaa2c40fb5729111d2	d__Eukaryota; k__Animalia; p__Tunicata; c__Appendicularia; o__Copelata; f__Oikopleuridae; g__Oikopleuridae; s__uncultured_eukaryote	0.9999812906741433	1.0	sklearn
278325f08a5eb0859560989f502ad58d	d__Eukaryota; k__Animalia; p__Arthropoda; c__Insecta; o__Diptera; f__Diptera; g__Diptera	0.9204902197899811	1.0	sklearn
2894d71463407f3bbd2023e30f9f7440	d__Eukaryota; k__Animalia; p__Cnidaria; c__Scyphozoa	0.9998312002759837	1.0	sklearn
29a6966a44f537a50e24fc3882f557d6	d__Eukaryota; k__Animalia; p__Echinodermata; c__Holothuroidea; o__Holothuroidea; f__Holothuroidea; g__Holothuroidea	0.9999999709288299	1.0	sklearn
2ad48c84410b8053364fdea5cc59fd5b	d__Eukaryota; k__Animalia; p__Arthropoda	0.8234724679099833	1.0	sklearn
2b02e38910b6f6bc8426f01f81026fd6	d__Eukaryota; k__Animalia; p__Cnidaria; c__Hydrozoa; o__Narcomedusae; f__Narcomedusae; g__Narcomedusae; s__Solmissus_marshalli	0.9999964754552206	1.0	sklearn
2b39687299b13e26c3570e47067e3e2f	d__Eukaryota; k__Animalia	0.8824602805832564	1.0	sklearn
2b80762289249aaa64abb7d0b91cc660	d__Eukaryota; k__Animalia; p__Annelida; c__Polychaeta; o__Phyllodocida; f__Phyllodocida; g__Phyllodocida	0.9997839231239835	1.0	sklearn
2bfe6a496241114194798cf7a3ecd9db	d__Eukaryota	0.9999999890419752	1.0	sklearn
2cfa20e53f6a9bcd3df6c694c06f83e4	d__Eukaryota; k__Animalia; p__Mollusca; c__Cephalopoda	0.9999999952350179	1.0	sklearn
2d8ef03e653454529b43311e977fdc6f	d__Eukaryota; k__Animalia; p__Arthropoda; c__Maxillopoda	0.9962338115694398	1.0	sklearn
2d9d0e2b1eaa53da5b42fbee106cfa6a	d__Eukaryota; k__Animalia	0.9386069585979885	1.0	sklearn
2ebf5d079a9f108d9e4a910932e0a465	d__Eukaryota; k__Animalia; p__Annelida; c__Polychaeta; o__Sabellida; f__Sabellida; g__Sabellida; s__Sabella_spallanzanii	0.8151339015573835	1.0	sklearn
2f4f8d6aef04b2e63de3278e7faf0c73	d__Eukaryota; k__Animalia; p__Arthropoda; c__Maxillopoda; o__Cyclopoida; f__Cyclopoida; g__Cyclopoida	0.8259906821503582	1.0	sklearn
2f95b92e4fe4d6919de0eb86c095c2b4	d__Eukaryota; k__Animalia	0.8520939991112603	1.0	sklearn
30079567906c07853346e8de617ea657	d__Eukaryota; k__Animalia; p__uncultured; c__uncultured; o__uncultured; f__uncultured; g__uncultured; s__uncultured_eukaryote	0.8629087554435311	1.0	sklearn
301c9c74fda56913ebc500daf8606d44	d__Eukaryota; k__Animalia; p__Annelida; c__Polychaeta; o__Spionida; f__Spionida; g__Spionida	0.9412357158034863	1.0	sklearn
30289dfd957b72ed86b02f6ce05d033a	d__Eukaryota; k__Animalia	0.9008280070250579	1.0	sklearn
31b014002f0d0ee6153c9220e0e443d8	d__Eukaryota	0.9994292577817057	1.0	sklearn
32714143bfde3ea36d10d6b3ee74c535	d__Eukaryota; k__Animalia; p__Rotifera; c__Bdelloidea; o__Adinetida; f__Adinetida; g__Adinetida	0.9915817492269594	1.0	sklearn
32a8dec8fa435d43d4ed7ce1743bce8b	d__Eukaryota; k__Animalia; p__Cnidaria; c__Hydrozoa; o__Trachymedusae; f__Trachymedusae; g__Trachymedusae; s__Ptychogastria_polaris	0.999997387442749	1.0	sklearn
3344e0753b88c8aa8359d33c943a68f5	d__Eukaryota; k__Animalia; p__Arthropoda; c__Maxillopoda; o__Calanoida; f__Calanoida; g__Calanoida; s__uncultured_eukaryote		1.0	VSEARCH
3354f5ccc36ead299cb2d7522553b3bb	d__Eukaryota; k__Animalia; p__Mollusca; c__Gastropoda; o__Heterobranchia; f__Heterobranchia; g__Heterobranchia	0.9999999999732244	1.0	sklearn
33fa9b95db0c81a921f0bd6c26ca270d	d__Eukaryota; k__Animalia	0.8698609097345609	1.0	sklearn
34b1241de0ac20359e0e521d41422303	d__Eukaryota; k__Animalia	0.9305520968836104	1.0	sklearn
34fb7b0b1a9076e6737ae368be869397	d__Eukaryota; k__Animalia	0.9851414496018815	1.0	sklearn
354b247842baac121801e1fe8173dc5a	d__Eukaryota; k__Animalia; p__Vertebrata; c__Mammalia; o__Mammalia; f__Mammalia; g__Mammalia; s__Homo_sapiens		1.0	VSEARCH
36376dee943da70d888697d3865a7d3a	d__Eukaryota; k__Animalia	0.9269927583802122	1.0	sklearn
365c7b8a2b619da4d520dc72698a3a6e	d__Eukaryota		1.0	VSEARCH
36707929214c65cca52e871b3f9269f7	d__Eukaryota	0.9999988246310169	1.0	sklearn
37681cefb6cb1043d823d1c73335a438	d__Eukaryota; k__Animalia; p__Annelida; c__Polychaeta; o__Capitellida; f__Capitellida; g__Capitellida; s__Heteromastus_filiformis		1.0	VSEARCH
37fbde8cf8edac9d12cf20253da488de	d__Eukaryota; k__Animalia; p__Arthropoda; c__Malacostraca; o__Eucarida; f__Eucarida; g__Eucarida; s__Thysanoessa_longipes		1.0	VSEARCH
38c00d60a67aa1296450004e88ce2390	d__Eukaryota	0.9999981232194013	1.0	sklearn
38fce79569bd3f104b4a5319652b7359	d__Eukaryota; k__Animalia; p__Vertebrata; c__Actinopterygii; o__Teleostei; f__Teleostei; g__Teleostei	0.932669678683365	1.0	sklearn
39995029eb6e966abe44cece0a3c46b7	d__Eukaryota; k__Animalia; p__Arthropoda; c__Ostracoda; o__Halocyprida; f__Halocyprida; g__Halocyprida; s__marine_metagenome	0.8986099985009708	1.0	sklearn
3ab387610552e032392935bbe6a83fb2	d__Eukaryota; k__Holozoa; p__Porifera; c__Demospongiae; o__Spongillida; f__Spongillida; g__Spongillida; s__Baikalospongia_bacillifera	0.984455313866113	1.0	sklearn
3adc5eaeb439fcb3db544ee571e9d4db	d__Eukaryota; k__Animalia; p__Arthropoda; c__Maxillopoda; o__Harpacticoida; f__Harpacticoida; g__Harpacticoida	0.9014660509879928	1.0	sklearn
3b839477a29ee930ce0deaa8d7143e81	d__Eukaryota; k__Animalia; p__uncultured; c__uncultured; o__uncultured; f__uncultured; g__uncultured; s__uncultured_eukaryote	0.9397399021765596	1.0	sklearn
3c937a230a559e1f536a839145ad508d	d__Eukaryota; k__Animalia; p__Vertebrata; c__Actinopterygii; o__Teleostei; f__Teleostei; g__Teleostei	0.9066902198099909	1.0	sklearn
3cefd8336ea014e8e747dbd6ef13ebdc	d__Eukaryota; k__Animalia; p__Ctenophora	0.9951205197639186	1.0	sklearn
3d3cb70e680c1018641a9db0e92ea0e1	d__Eukaryota; k__Animalia	0.8188481704093619	1.0	sklearn
3dfd617867c739fa96b567e0f83f5a79	d__Eukaryota; k__Animalia; p__Arthropoda; c__Ostracoda; o__Halocyprida; f__Halocyprida; g__Halocyprida; s__marine_metagenome	0.9990500781582667	1.0	sklearn
3e1ce04e9cccf218bcc69302be79770d	d__Eukaryota; k__Animalia	0.9867565938430134	1.0	sklearn
3e49921662e4a345b4622d5934d53d6e	d__Eukaryota; k__Animalia; p__Arthropoda; c__Maxillopoda		1.0	VSEARCH
3efbe8151a949c3991e7b36a737fbc28	d__Eukaryota; k__Animalia; p__Arthropoda	0.8202681330494781	1.0	sklearn
3fa981cfe604116a80da9d1d3b5813f0	d__Eukaryota; k__Animalia; p__Arthropoda; c__Maxillopoda; o__Cyclopoida; f__Cyclopoida; g__Cyclopoida; s__uncultured_eukaryote	0.9943887009397707	1.0	sklearn
408a1c7f1258d869efc36afc7ce2619b	d__Eukaryota; k__Animalia; p__Cnidaria	0.9869546353956469	1.0	sklearn
4171d999c79fd45b6a8517942e0a5b60	d__Eukaryota; k__Animalia; p__Tunicata; c__Thaliacea; o__Salpida; f__Salpida; g__Salpida; s__Soestia_zonaria		1.0	VSEARCH
41821f740463582191622fd9da618488	d__Eukaryota	0.9991648330353637	1.0	sklearn
4238e8c7f636a7e948636a9b47f1593c	d__Eukaryota; k__Animalia; p__Arthropoda; c__Maxillopoda; o__Cyclopoida; f__Cyclopoida; g__Cyclopoida; s__uncultured_eukaryote	0.998474659014008	1.0	sklearn
43249c718989fa9d7ede91f6c6c36579	d__Eukaryota	0.9999999999749741	1.0	sklearn
43282e2956f2b86b26d3e742be2d3a55	d__Eukaryota; k__Animalia	0.8954620046009216	1.0	sklearn
43c194e0801f3987ba2ede7fedf680ff	d__Eukaryota; k__Animalia; p__Arthropoda; c__Maxillopoda; o__Calanoida; f__Calanoida; g__Calanoida; s__uncultured_eukaryote	0.8887042812448904	1.0	sklearn
450a926cbcec88b36699f1f7c85f4421	d__Eukaryota; k__Animalia	0.8237492100570966	1.0	sklearn
4669c006de0b3a7bafcc6f1a7f112f80	d__Eukaryota; k__Animalia	0.9947741035528717	1.0	sklearn
46871f147cc6f2e6f6da56407213c035	d__Eukaryota; k__Animalia	0.9999976527050989	1.0	sklearn
469dd9065daf1343af01d7fc246ff3ed	d__Eukaryota; k__Animalia; p__Arthropoda; c__Insecta; o__Diptera; f__Diptera; g__Diptera; s__Simulium_sanctipauli		1.0	VSEARCH
47240dc47352abaa4d9fa2a1fa5b85c7	d__Eukaryota; k__Animalia; p__Arthropoda	0.8387775412393996	1.0	sklearn
477ec306913685fbaab08f35c258eeeb	d__Eukaryota; k__Animalia; p__Ctenophora	0.9193598502365192	1.0	sklearn
479e4f12e0febb9f8394be40c9cb1858	d__Eukaryota; k__Animalia; p__Vertebrata; c__Actinopterygii; o__Teleostei; f__Teleostei; g__Teleostei	0.8011102629023558	1.0	sklearn
47d3941b8cd8332cff4561f2fea49276	d__Eukaryota; k__Animalia	0.8485438368570047	1.0	sklearn
48ea1e202943d309fefbeb07acbbc184	d__Eukaryota; k__Animalia; p__Cnidaria; c__Hydrozoa	0.9537733493419501	1.0	sklearn
4986c929c5a1c1e13f0e3e6e432acec7	d__Eukaryota		1.0	VSEARCH
4a0ae16b68a320e4c4b9d2db753d535c	d__Eukaryota; k__Animalia; p__Cnidaria; c__Scyphozoa; o__Semaeostomeae; f__Semaeostomeae; g__Semaeostomeae; s__Aurelia_sp.	0.8327068233041046	1.0	sklearn
4a52f7893c2005516e943bee9ed3f793	d__Eukaryota; k__Animalia; p__Arthropoda; c__Malacostraca; o__Peracarida; f__Peracarida; g__Peracarida	0.8423083326285186	1.0	sklearn
4c0fa4fd5c1c6606ffa8be0ab9ddddcb	d__Eukaryota; k__Animalia; p__Arthropoda; c__Maxillopoda; o__Poecilostomatoida; f__Poecilostomatoida; g__Poecilostomatoida; s__Sapphirina_darwinii	0.9713287009181308	1.0	sklearn
4c355126db7b60a9e29eaecf9a521a97	d__Eukaryota; k__Animalia; p__Tunicata; c__Appendicularia; o__Copelata; f__Oikopleuridae; g__Oikopleuridae; s__uncultured_eukaryote	0.999991929387459	1.0	sklearn
4c385c425d55a6e1af509b9745d776a0	d__Eukaryota; k__Animalia; p__Cnidaria; c__Hydrozoa; o__Trachymedusae; f__Trachymedusae; g__Trachymedusae; s__Pantachogon_haeckeli		1.0	VSEARCH
4d5478dabaf6357d974b77a9dd592985	d__Eukaryota; k__Animalia; p__Cnidaria; c__Hydrozoa; o__Trachylinae; f__Trachylinae; g__Trachylinae; s__Liriope_tetraphylla	0.9999795083365998	1.0	sklearn
4d6d4626a5fcbe25e15e18860f7bbbef	d__Eukaryota; k__Animalia; p__Tunicata; c__Thaliacea; o__Salpida; f__Salpida; g__Salpida; s__Salpa_thompsoni	0.8102018037142261	1.0	sklearn
4e2731a62a35124d3fc884a049eb4fad	d__Eukaryota; k__Animalia	0.814442214917907	1.0	sklearn
4e821be00c97b65a13d69aab47a3a49a	d__Eukaryota; k__Animalia; p__Ctenophora	0.9299516470894253	1.0	sklearn
500f4198862a145397ef700583fd575e	d__Eukaryota; k__Animalia; p__Animalia; c__Animalia; o__Animalia; f__Animalia; g__Animalia; s__Anthopleura_elegantissima		1.0	VSEARCH
50257fd73cb96e7f8be552ce844a5e47	d__Eukaryota; k__Animalia; p__Arthropoda; c__Maxillopoda; o__Cyclopoida; f__Cyclopoida; g__Cyclopoida; s__uncultured_eukaryote		1.0	VSEARCH
5081a2333021c38dbd6b8334bdcff438	d__Eukaryota; k__Animalia; p__Arthropoda	0.9871859835503165	1.0	sklearn
509939fa3d47056eea643fb30258e9ef	d__Eukaryota; k__Animalia; p__Vertebrata; c__Actinopterygii; o__Teleostei; f__Teleostei; g__Teleostei	0.8355712611116834	1.0	sklearn
51627b4ac2bd9b965b19ece47cf65281	d__Eukaryota; k__Animalia; p__Arthropoda; c__Maxillopoda; o__Calanoida; f__Calanoida; g__Calanoida; s__uncultured_eukaryote	0.988627129273176	1.0	sklearn
517a2697e3989728f4582a6ab820aa66	d__Eukaryota; k__Animalia; p__Arthropoda; c__Maxillopoda	0.9054702903794458	1.0	sklearn
517c16300e566886759a218dfdc79c95	d__Eukaryota; k__Animalia; p__Arthropoda; c__Maxillopoda; o__Calanoida; f__Calanoida; g__Calanoida; s__uncultured_eukaryote	0.9721327164490879	1.0	sklearn
53b5ac249e46b30c6c1cd20c5c9d0c3a	d__Eukaryota; k__Animalia; p__Annelida; c__Polychaeta; o__Spionida; f__Spionida; g__Spionida; s__Caulleriella_parva	0.9995447362385794	1.0	sklearn
54659e9d1080d7ed127129c40361f82a	d__Eukaryota	0.9993370866109362	1.0	sklearn
547ad36376fa8a9118c08be553cdbb38	d__Eukaryota; k__Animalia; p__Arthropoda	0.9152934445575993	1.0	sklearn
552b0e9e5946d6d10cbf151206b095e2	d__Eukaryota; k__Animalia; p__Arthropoda; c__Ostracoda; o__Halocyprida; f__Halocyprida; g__Halocyprida; s__marine_metagenome	0.9743135025837161	1.0	sklearn
5558c5f4832da2ee057a784037ba19d0	d__Eukaryota; k__Animalia	0.9974781368137866	1.0	sklearn
55f702752f34d0c7f1456b664dda2095	d__Eukaryota; k__Animalia; p__Arthropoda; c__Ostracoda; o__Halocyprida; f__Halocyprida; g__Halocyprida; s__marine_metagenome	0.9837610551236954	1.0	sklearn
56692389bb78a568da9fbad10e9d0c8a	d__Eukaryota; k__Animalia; p__Arthropoda; c__Maxillopoda; o__Cyclopoida; f__Cyclopoida; g__Cyclopoida; s__uncultured_eukaryote	0.999109004634512	1.0	sklearn
56c4a8dbf5bafcad26ed8d6bc12991f1	d__Eukaryota; k__Animalia; p__Rotifera; c__Monogononta; o__Ploimida; f__Ploimida; g__Ploimida; s__Synchaeta_tremula	0.9925526379774988	1.0	sklearn
56ec996a50fd43649d5c526ef19e88d7	d__Eukaryota; k__Animalia; p__Annelida; c__Polychaeta; o__Capitellida; f__Capitellida; g__Capitellida; s__Scalibregma_inflatum	0.801127682972904	1.0	sklearn
56ffe703948efeaf9a646350cac26921	d__Eukaryota; k__Animalia; p__Mollusca; c__Cephalopoda	0.9999999991683967	1.0	sklearn
58281c80296ed694087aadda72a2807d	d__Eukaryota; k__Animalia; p__Arthropoda; c__Maxillopoda; o__Cyclopoida; f__Cyclopoida; g__Cyclopoida; s__uncultured_eukaryote	0.8002502013055413	1.0	sklearn
586ae88dde1a3eb7ccdd767ab072877b	d__Eukaryota; k__Animalia; p__Annelida; c__Polychaeta; o__Phyllodocida; f__Phyllodocida; g__Phyllodocida; s__Lepidonotus_sublevis		1.0	VSEARCH
58f251a0cac2508fdd97bc34bf7f484b	d__Eukaryota; k__Animalia; p__Cnidaria; c__Hydrozoa; o__Anthoathecata; f__Anthoathecata; g__Anthoathecata; s__Hybocodon_chilensis	0.8556385021121055	1.0	sklearn
5953181a986e7ed231469df9d4633d5b	d__Eukaryota; k__Animalia; p__Arthropoda; c__Ostracoda; o__Halocyprida; f__Halocyprida; g__Halocyprida; s__marine_metagenome	0.957930150602815	1.0	sklearn
596f7aee4d438c15dce09e043c8a573f	d__Eukaryota; k__Animalia; p__Vertebrata; c__Actinopterygii; o__Teleostei; f__Teleostei; g__Teleostei	0.8812421143792407	1.0	sklearn
5975fdafffed16db3ab5194d2076fcf6	d__Eukaryota; k__Animalia; p__Cnidaria; c__Hydrozoa; o__Siphonophorae; f__Siphonophorae; g__Siphonophorae; s__uncultured_eukaryote	0.984470802900665	1.0	sklearn
59cfb6ceb61511d4774fc85810c5dc42	d__Eukaryota; k__Animalia; p__Cnidaria; c__Scyphozoa; o__Semaeostomeae; f__Semaeostomeae; g__Semaeostomeae; s__Phacellophora_camtschatica		1.0	VSEARCH
59e1a64552c1040606034a2f7a319552	d__Eukaryota; k__Animalia; p__Arthropoda	0.8453390098192919	1.0	sklearn
5a1bf8bd6aa275cee099dea6bf989e07	d__Eukaryota; k__Animalia; p__Arthropoda; c__Ostracoda; o__Halocyprida; f__Halocyprida; g__Halocyprida; s__marine_metagenome	0.9989020034899974	1.0	sklearn
5a50e8c2605a315795e2230764883416	d__Eukaryota; k__Animalia; p__Cnidaria; c__Hydrozoa; o__Trachylinae; f__Trachylinae; g__Trachylinae; s__uncultured_eukaryote	0.9916218001504619	1.0	sklearn
5afef1109ced5c03c662205a2eb4d56a	d__Eukaryota; k__Animalia; p__uncultured; c__uncultured; o__uncultured; f__uncultured; g__uncultured; s__uncultured_eukaryote	0.9698078812296979	1.0	sklearn
5bc9a1150e692d94a3dec211c0aae651	d__Eukaryota; k__Animalia	0.9182342932100201	1.0	sklearn
5d9d318487d9efaafa7725500873769f	d__Eukaryota; k__Animalia; p__Arthropoda; c__Maxillopoda	0.9411054813061901	1.0	sklearn
5db43078ef2a96ff3cdd272b6fd112d1	d__Eukaryota; k__Animalia	0.8922827866160562	1.0	sklearn
5f639bd5d231c5837dcf2965d833c1d7	d__Eukaryota; k__Animalia; p__Ctenophora	0.9246059996106399	1.0	sklearn
5ffa38f55818486c471279c2a91c0609	d__Eukaryota; k__Animalia; p__Cnidaria; c__Hydrozoa; o__Siphonophorae; f__Siphonophorae; g__Siphonophorae; s__uncultured_eukaryote	0.9765860470444869	1.0	sklearn
6012dbf9854989bdf326e5115226236b	d__Eukaryota; k__Animalia; p__Ctenophora	0.9999238643928364	1.0	sklearn
61d2006ff70a2ea42dd173fa0244904e	d__Eukaryota; k__Animalia; p__Arthropoda; c__Maxillopoda; o__Calanoida; f__Calanoida; g__Calanoida; s__uncultured_eukaryote	0.961768895093903	1.0	sklearn
625104c78a4cc6ca9d7deac2713c78d1	d__Eukaryota; k__Animalia; p__Vertebrata; c__Actinopterygii; o__Teleostei; f__Teleostei; g__Teleostei	0.9377716602291462	1.0	sklearn
627383f59d76e0c3252775dafe5e4cf4	d__Eukaryota; k__Animalia; p__Arthropoda; c__Maxillopoda	0.8184430292809042	1.0	sklearn
6451809c5516eb6feb15284745af7a62	d__Eukaryota; k__Animalia; p__Rotifera; c__Monogononta; o__Ploimida; f__Ploimida; g__Ploimida; s__Synchaeta_tremula		1.0	VSEARCH
64c23a21c4813090eb260dabea48dc73	d__Eukaryota; k__Animalia; p__Arthropoda; c__Maxillopoda	0.9477565185420919	1.0	sklearn
65bfeb8b0ae54c50fb7f7153a7e4e895	d__Eukaryota; k__Animalia; p__Cnidaria	0.9564872106315205	1.0	sklearn
662e16432a806436df2f9ee5db1a9766	d__Eukaryota; k__Animalia	0.8089963211556389	1.0	sklearn
66c3d94a4f5627e3aeb9e3ecf9f08fd8	d__Eukaryota; k__Animalia; p__Cnidaria; c__Anthozoa; o__Actiniaria; f__Actiniaria; g__Actiniaria		1.0	VSEARCH
66f2aa9c2fca622a5567cdabb73e9d6f	d__Eukaryota; k__Animalia; p__Cnidaria; c__Scyphozoa; o__Coronatae; f__Coronatae; g__Coronatae; s__Atolla_vanhoeffeni		1.0	VSEARCH
66fd0bc24ab5bfdac487761952d95eec	d__Eukaryota; k__Animalia; p__Ctenophora		1.0	VSEARCH
670045dc7c3d1e924085f1c2cfe360e5	d__Eukaryota; k__Animalia	0.8303644875852793	1.0	sklearn
67589389e1fdd42f0acbe10c97a03e61	d__Eukaryota; k__Animalia; p__Cnidaria; c__Hydrozoa; o__Siphonophorae; f__Siphonophorae; g__Siphonophorae; s__uncultured_eukaryote		1.0	VSEARCH
681981f442955339df0f6d49b657e52a	d__Eukaryota; k__Animalia; p__Ctenophora; c__Tentaculata; o__Cydippida; f__Cydippida; g__Cydippida; s__Undescribed_mertensiid	0.9434345630412386	1.0	sklearn
696469e68497b8e58b523edf8b4a3581	d__Eukaryota	0.9999999999026589	1.0	sklearn
6bb916a46ddf8a170b2300091321e533	d__Eukaryota; k__Animalia; p__Cnidaria; c__Hydrozoa; o__Siphonophorae; f__Siphonophorae; g__Siphonophorae; s__uncultured_eukaryote	0.9944044198941263	1.0	sklearn
6c261f36286e8f182fceecb4c798b291	d__Eukaryota; k__Animalia; p__Annelida; c__Polychaeta; o__Phyllodocida; f__Phyllodocida; g__Phyllodocida	0.8987586508160446	1.0	sklearn
6c6cf16fb21bef83332b62da58a75a45	d__Eukaryota; k__Animalia; p__Arthropoda; c__Maxillopoda	0.9448405636435429	1.0	sklearn
6c6e7816d9b5b36cab89614475eb6cdc	d__Eukaryota; k__Animalia; p__Tunicata; c__Thaliacea; o__Salpida; f__Salpida; g__Salpida; s__Salpa_thompsoni	0.9992208284093207	1.0	sklearn
6d20de8f30e690dd2b000518fea00757	d__Eukaryota; k__Animalia; p__Ctenophora; c__Tentaculata; o__Cydippida; f__Cydippida; g__Cydippida; s__Lampea_pancerina	0.8463705661014392	1.0	sklearn
6d9212acf52ae2d75701cf5828e01859	d__Eukaryota; k__Animalia; p__Cnidaria; c__Hydrozoa; o__Siphonophorae; f__Siphonophorae; g__Siphonophorae; s__hydrothermal_vent	0.9174530047420044	1.0	sklearn
6da9abe4cca1d2d5dcc7a199aa4f2903	d__Eukaryota; k__Animalia; p__Echinodermata; c__Holothuroidea; o__Holothuroidea; f__Holothuroidea; g__Holothuroidea	0.999999965477512	1.0	sklearn
6e3a0cde24c04bb5318f0827c2e9d85a	d__Eukaryota; k__Animalia; p__Tunicata; c__Thaliacea; o__Salpida; f__Salpida; g__Salpida; s__Salpa_thompsoni	0.9996709362183566	1.0	sklearn
6f09b8628f2ce6def877659c683126a8	d__Eukaryota; k__Animalia	0.8687939304500666	1.0	sklearn
6f0db079507e7e3ab6d8a21a2ea454fa	d__Eukaryota; k__Animalia	0.8485598727429766	1.0	sklearn
6f844bc3ac7d088a9bf778326eaf95aa	d__Archaea; k__Archaea; p__Crenarchaeota; c__Nitrososphaeria; o__Nitrosopumilales; f__Nitrosopumilaceae; g__Nitrosopumilaceae		1.0	VSEARCH
6ff11355945f60ff9eb4489a0fefa0ed	d__Eukaryota; k__Animalia; p__Tunicata; c__Appendicularia; o__Copelata; f__Oikopleuridae; g__Oikopleuridae; s__uncultured_eukaryote	0.9993385151448749	1.0	sklearn
700d6f9534fe58837576ac2cf69e9904	d__Eukaryota; k__Animalia; p__Annelida; c__Polychaeta; o__Capitellida; f__Capitellida; g__Capitellida; s__Notomastus_latericeus	0.9960629079533289	1.0	sklearn
7052d5fab652e299b95761cf2d477459	d__Eukaryota; k__Animalia; p__Tunicata; c__Appendicularia; o__Copelata; f__Oikopleuridae; g__Oikopleuridae; s__uncultured_eukaryote		1.0	VSEARCH
70b15e7d989f943cae8d8005743fee83	d__Eukaryota; k__Animalia; p__uncultured; c__uncultured; o__uncultured; f__uncultured; g__uncultured; s__uncultured_eukaryote	0.9395681239045994	1.0	sklearn
714a6b727770c666fcd0592df68b7cdf	d__Eukaryota	0.9999999999885181	1.0	sklearn
715a0951fc8cb2f996baa81b5740378a	d__Eukaryota; k__Animalia; p__Vertebrata; c__Mammalia; o__Mammalia; f__Mammalia; g__Mammalia		0.833	VSEARCH
7231026352ab0b3c70ff93daf2017bb4	d__Eukaryota; k__Animalia; p__Arthropoda; c__Maxillopoda; o__Cyclopoida; f__Cyclopoida; g__Cyclopoida; s__Anthessius_sp.	0.9816630111527898	1.0	sklearn
741088598e001d7ed41909f1414cd2b0	d__Eukaryota; k__Animalia; p__Cnidaria; c__Hydrozoa; o__Siphonophorae; f__Siphonophorae; g__Siphonophorae; s__uncultured_eukaryote		1.0	VSEARCH
74275fdce00c75de68b49b0a70daf9c0	d__Eukaryota; k__Animalia; p__Arthropoda; c__Maxillopoda; o__Cyclopoida; f__Cyclopoida; g__Cyclopoida; s__uncultured_eukaryote	0.9997158896061986	1.0	sklearn
74a63161399ae5b1dcc75ea236024213	d__Eukaryota; k__Animalia; p__Arthropoda; c__Ostracoda; o__Halocyprida; f__Halocyprida; g__Halocyprida; s__marine_metagenome	0.9958993104050032	1.0	sklearn
74ec02387943e557738c51162160e1d4	d__Eukaryota; k__Animalia; p__Arthropoda; c__Maxillopoda; o__Cyclopoida; f__Cyclopoida; g__Cyclopoida	0.8071384963396929	1.0	sklearn
75587b85dbaaf4e104eb09260dc13c8b	d__Eukaryota	0.9999999628057002	1.0	sklearn
75dd60faa71c147cab0b13ed77335c81	d__Eukaryota; k__Animalia; p__Arthropoda; c__Maxillopoda	0.9999999205154413	1.0	sklearn
77346ce39ada8fd815aa222cb5271f92	d__Eukaryota; k__Animalia; p__Arthropoda; c__Maxillopoda; o__Cyclopoida; f__Cyclopoida; g__Cyclopoida; s__uncultured_eukaryote	0.9999834220885864	1.0	sklearn
77976d510ff7975c4473553565a8f7d0	d__Eukaryota; k__Animalia; p__Cnidaria; c__Hydrozoa; o__Narcomedusae; f__Narcomedusae; g__Narcomedusae; s__uncultured_eukaryote	0.9964982232321538	1.0	sklearn
792972f1ede5928ea461e61690c7709a	d__Eukaryota; k__Animalia; p__Arthropoda; c__Maxillopoda	0.8707871800404954	1.0	sklearn
79d5d93fab96067284a2287b9af83c0e	d__Eukaryota; k__Animalia; p__Arthropoda; c__Maxillopoda	0.8940476660793802	1.0	sklearn
79dac0c814b904825476b8404d05c9ae	d__Eukaryota; k__Animalia	0.8415346678418641	1.0	sklearn
79e9ae5111b969edd6193bc6dc172a76	d__Eukaryota; k__Animalia; p__Ctenophora	0.9999934454965104	1.0	sklearn
7a33c07ddb6911a68f986d35b27f5ed9	d__Eukaryota; k__Animalia; p__Arthropoda; c__Maxillopoda	0.94710925517539	1.0	sklearn
7a995efda25e41a83376ab010c925262	d__Eukaryota; k__Animalia; p__Arthropoda; c__Maxillopoda; o__Calanoida; f__Calanoida; g__Calanoida; s__uncultured_eukaryote	0.9849829382212855	1.0	sklearn
7b29611803135c392e4a5a1b5e192359	d__Eukaryota; k__Animalia; p__Arthropoda; c__Maxillopoda; o__Cyclopoida; f__Cyclopoida; g__Cyclopoida; s__uncultured_eukaryote	0.9993288748597873	1.0	sklearn
7c01801522e1e4fa3b2017896566767a	d__Eukaryota	0.9999984900609482	1.0	sklearn
7c539adf586fc4bbd690bdd35f87e023	d__Eukaryota	0.999999992200601	1.0	sklearn
7c5b3807905936da4a7300448c412af6	d__Eukaryota; k__Animalia; p__Cnidaria; c__Scyphozoa; o__Semaeostomeae; f__Semaeostomeae; g__Semaeostomeae; s__Phacellophora_camtschatica	0.9999999973544648	1.0	sklearn
7d5d59b5c61d890cc871a861a14d2655	d__Eukaryota; k__Animalia; p__Arthropoda; c__Branchiopoda; o__Diplostraca; f__Diplostraca; g__Diplostraca	0.9999990232638832	1.0	sklearn
7d9c734584ef84b33213c3bb17ef24e7	d__Eukaryota; k__Animalia; p__Vertebrata; c__Actinopterygii	0.9038275290781265	1.0	sklearn
7dca4c746e7e8d617919fc565a7a88a5	d__Eukaryota; k__Animalia; p__Cnidaria; c__Hydrozoa; o__Siphonophorae; f__Siphonophorae; g__Siphonophorae	0.9557194464793768	1.0	sklearn
7dd385ce60a86ccc9afecd73d21fe54c	d__Eukaryota; k__Animalia; p__Tunicata; c__Appendicularia; o__Copelata; f__Oikopleuridae; g__Oikopleuridae; s__uncultured_eukaryote		1.0	VSEARCH
7eadedc958905fffe4adf15365f84207	d__Eukaryota; k__Animalia	0.8784684959292695	1.0	sklearn
7ee243bc100148d08479b247e1722aa1	d__Eukaryota; k__Animalia	0.999999395033445	1.0	sklearn
7eefe15d7b7fe21d9d738748f5970d5f	d__Eukaryota; k__Animalia; p__Arthropoda; c__Maxillopoda	0.9483602389337823	1.0	sklearn
7fad3abb93c7c3f49d20df7aafba499c	d__Eukaryota; k__Animalia	0.9646556845199455	1.0	sklearn
7fd4cdba340e8bc1489e2adecd7b2154	d__Eukaryota; k__Animalia; p__Annelida; c__Polychaeta; o__Phyllodocida; f__Phyllodocida; g__Phyllodocida; s__Nephtys_hombergii	0.9951325221558663	1.0	sklearn
7fe39b56b715f16e2df3e0c7f0aec901	d__Eukaryota; k__Animalia	0.9999884847952465	1.0	sklearn
801d20a5bd4c0f8ddd45ae129842b0bc	d__Eukaryota; k__Animalia; p__Arthropoda	0.9843926508580432	1.0	sklearn
80469602c24d775daaa0c7d7176aa5d8	d__Eukaryota; k__Animalia; p__Vertebrata; c__Actinopterygii; o__Teleostei; f__Teleostei; g__Teleostei	0.816795904097953	1.0	sklearn
8061324f84ff2770f02874370a436645	d__Eukaryota; k__Animalia; p__Annelida; c__Polychaeta; o__Eunicida; f__Eunicida; g__Eunicida		1.0	VSEARCH
8073a3614e37e6d73408f137b101201b	d__Eukaryota; k__Animalia	0.859439983541821	1.0	sklearn
8076eb165d45eb3b0935cd0e77453369	d__Eukaryota; k__Animalia; p__Annelida; c__Polychaeta; o__Eunicida; f__Eunicida; g__Eunicida	0.999911715165054	1.0	sklearn
814800e725a95d892a9069e4112dde09	d__Eukaryota; k__Animalia; p__Vertebrata; c__Mammalia; o__Mammalia; f__Mammalia; g__Mammalia	0.9608461026656426	1.0	sklearn
8178964103e0e9ba4255358e5aa144ad	d__Eukaryota; k__Animalia; p__Arthropoda; c__Ostracoda; o__Halocyprida; f__Halocyprida; g__Halocyprida; s__marine_metagenome	0.9975873363170403	1.0	sklearn
817dd273a5e9e851b7c6b5e600a228ce	d__Eukaryota; k__Animalia	0.8246619665996453	1.0	sklearn
819774ce83d481c96733ddfe2bc6f95f	d__Eukaryota; k__Animalia; p__Arthropoda; c__Ostracoda; o__Halocyprida; f__Halocyprida; g__Halocyprida	0.9281189602721107	1.0	sklearn
819de454e9830e2445f0eae60a1a2246	d__Eukaryota	0.9999991664214889	1.0	sklearn
81e82fcb292a89e7f63af97126d97ec2	d__Eukaryota; k__Animalia; p__Chaetognatha; c__Sagittoidea; o__Monophragmophora; f__Monophragmophora; g__Monophragmophora; s__Xenokrohnia_sorbei	0.9408633669285678	1.0	sklearn
827c82491c397fd4e0c26458cc0be1ba	d__Eukaryota; k__Animalia	0.9978309318018284	1.0	sklearn
82d2aba200983590520abb9467eb8b07	d__Eukaryota; k__Animalia; p__Tunicata; c__Appendicularia; o__Copelata; f__Oikopleuridae; g__Oikopleuridae; s__uncultured_eukaryote	0.9999885193211859	1.0	sklearn
82da14cb4839d25f8e27581804ef7b52	d__Eukaryota; k__Animalia; p__Vertebrata; c__Actinopterygii; o__Teleostei; f__Teleostei; g__Teleostei; s__Salmo_salar		1.0	VSEARCH
833cff7e89a07c41a879e355358e2510	d__Eukaryota; k__Animalia; p__Echinodermata; c__Holothuroidea; o__Holothuroidea; f__Holothuroidea; g__Holothuroidea; s__Peniagone_sp.	0.9930318925291398	1.0	sklearn
839b399b80c59cc422a872b3a4b244af	d__Eukaryota; k__Animalia	0.9053972102234772	1.0	sklearn
844cfc7d440f7d7f34ee5acabb09a305	d__Eukaryota; k__Animalia; p__Arthropoda; c__Ostracoda; o__Halocyprida; f__Halocyprida; g__Halocyprida; s__marine_metagenome	0.9958550402909732	1.0	sklearn
84d4a633acc170217ac71ccf5f6be3c7	d__Eukaryota; k__Animalia; p__Chaetognatha; c__Sagittoidea; o__Phragmophora; f__Phragmophora; g__Phragmophora; s__Eukrohnia_fowleri	0.9851250368859394	1.0	sklearn
850ba3b68f19ef416317378f251a795a	d__Eukaryota	0.9999988922516212	1.0	sklearn
850d1d20a40533a03a4559a25271592e	d__Eukaryota; k__Animalia; p__Cnidaria; c__Hydrozoa; o__Anthoathecata; f__Anthoathecata; g__Anthoathecata; s__Pandea_sp.	0.9868208875081181	1.0	sklearn
8591639689c19759db97a6beac01293a	d__Eukaryota; k__Animalia	0.8834277029903984	1.0	sklearn
85946a9914ab038f9270e29197bed817	d__Eukaryota; k__Animalia; p__Arthropoda; c__Maxillopoda	0.8331107162808257	1.0	sklearn
8595b23ef055a50982e703749b6913c3	d__Eukaryota	0.9999826974264593	1.0	sklearn
8747e55f2876394fe809c87c41c7029a	d__Eukaryota; k__Animalia; p__Arthropoda; c__Maxillopoda; o__Calanoida; f__Calanoida; g__Calanoida	0.888410944473342	1.0	sklearn
8ac15d956796f1d13e2a13500c40a524	d__Eukaryota; k__Animalia	0.8878678681604574	1.0	sklearn
8b86b16cb164b9f1c4bc3a3abc663ea1	d__Eukaryota; k__Animalia; p__Cnidaria; c__Scyphozoa; o__Semaeostomeae; f__Semaeostomeae; g__Semaeostomeae; s__Phacellophora_camtschatica	0.9999999052459049	1.0	sklearn
8c2e3204648abe2016dae377784281f4	d__Eukaryota	0.9999984105649509	1.0	sklearn
8c65a274fb8f0969075b5cd3234caf08	d__Eukaryota; k__Animalia; p__Arthropoda	0.8359747749567621	1.0	sklearn
8c9b903eb46cb590ca0ff985fc33cf74	d__Eukaryota; k__Animalia	0.989105673823508	1.0	sklearn
8cc8d8f95f18c6c069f83e8cb9edc4af	d__Eukaryota; k__Animalia; p__Arthropoda; c__Maxillopoda; o__Calanoida; f__Calanoida; g__Calanoida	0.8235254908650507	1.0	sklearn
8cefb0793aa08ccbadff280d8ff9702b	d__Eukaryota; k__Animalia	0.8135307743971781	1.0	sklearn
8e94aa53e61d5b52c47e0c769ae06197	d__Eukaryota; k__Animalia		1.0	VSEARCH
8f251ebcef57ed89dc5360699bad812b	d__Eukaryota; k__Animalia; p__Arthropoda; c__Ostracoda; o__Halocyprida; f__Halocyprida; g__Halocyprida; s__marine_metagenome	0.8564909605461305	1.0	sklearn
91aaf2719c05daf4626eab98413e8bcf	d__Eukaryota; k__Animalia; p__Arthropoda; c__Ostracoda; o__Halocyprida; f__Halocyprida; g__Halocyprida; s__marine_metagenome	0.9265442761283333	1.0	sklearn
91e9196a65b9c9b5987978ffc0bf7416	d__Eukaryota; k__Animalia; p__Mollusca; c__Cephalopoda	0.9999999850094907	1.0	sklearn
93d95da51b2e277e33120ffcfc1183db	d__Eukaryota; k__Animalia; p__Cnidaria; c__Hydrozoa; o__Siphonophorae; f__Siphonophorae; g__Siphonophorae	0.9817954939517977	1.0	sklearn
93e2886efc6558942294a2710cf2248f	d__Eukaryota; k__Animalia; p__Arthropoda; c__Ostracoda; o__Halocyprida; f__Halocyprida; g__Halocyprida; s__marine_metagenome	0.9846331656055043	1.0	sklearn
9411885d33323eb3c19b657aa3996863	d__Eukaryota; k__Animalia	0.9283569654490426	1.0	sklearn
945189f9aa1fc5330d122c877d9f91a3	d__Eukaryota; k__Animalia	0.8857653398627766	1.0	sklearn
945efb6cab79d06e367870c4f9bc676f	d__Eukaryota; k__Animalia; p__Chaetognatha; c__Sagittoidea; o__Aphragmophora; f__Aphragmophora; g__Aphragmophora; s__Decipisagitta_decipiens	0.8581313235303258	1.0	sklearn
94d2cdd5e1d81d8b60ffafe129d84271	d__Eukaryota; k__Animalia; p__Tunicata; c__Appendicularia; o__Copelata; f__Oikopleuridae; g__Oikopleuridae; s__uncultured_eukaryote	0.9818573056782505	1.0	sklearn
951dabf0d617a1f5815fa4aac7ae642d	d__Eukaryota; k__Animalia	0.9868034759472429	1.0	sklearn
95638c1f6a67b84eb9807a2c9c9f6977	d__Eukaryota; k__Animalia; p__Annelida; c__Polychaeta; o__Terebellida; f__Terebellida; g__Terebellida; s__Glyphanostomum_pallescens	0.9950354057508017	1.0	sklearn
95a3b1670d28cb147b6f437f1a2e679d	d__Eukaryota; k__Animalia; p__Cnidaria	0.9480360252789398	1.0	sklearn
95d33bfda15b8d47e21bb793fe3be20f	d__Eukaryota; k__Animalia; p__Vertebrata; c__Actinopterygii; o__Teleostei; f__Teleostei; g__Teleostei		1.0	VSEARCH
968376f3d3420460b9c45d30ae8aecab	d__Eukaryota; k__Animalia; p__Arthropoda; c__Maxillopoda; o__Cyclopoida; f__Cyclopoida; g__Cyclopoida; s__uncultured_eukaryote	0.9997518930675321	1.0	sklearn
96a68a609a37d8a636105c575544824e	d__Eukaryota; k__Animalia; p__Arthropoda; c__Maxillopoda; o__Calanoida; f__Calanoida; g__Calanoida; s__uncultured_eukaryote	0.9972138167501527	1.0	sklearn
96b7c8838e22ef7c937edbcd4357eb60	d__Eukaryota; k__Animalia; p__Arthropoda; c__Maxillopoda		1.0	VSEARCH
970ba7424ee5c6886ad6f3c00f901d2d	d__Eukaryota	0.9999999407628721	1.0	sklearn
9762dcf200543bcf2455b3be536fdd10	d__Eukaryota; k__Animalia; p__Arthropoda; c__Maxillopoda	0.9236529516843326	1.0	sklearn
982c72390709eb1cf044cd026146b267	d__Eukaryota	0.9999999999529542	1.0	sklearn
98d5c459fb5029e00de0065f06f74d6b	d__Eukaryota; k__Animalia; p__Arthropoda; c__Maxillopoda; o__Poecilostomatoida; f__Poecilostomatoida; g__Poecilostomatoida; s__Sapphirina_darwinii	0.9856932127667664	1.0	sklearn
98fdc3aef8f2a8feb08c5902139d8a6a	d__Eukaryota; k__Animalia; p__Rotifera; c__Monogononta; o__Ploimida; f__Ploimida; g__Ploimida	0.9898085549362017	1.0	sklearn
99623b32f88c7897c56f5fc24836e873	d__Eukaryota; k__Animalia; p__Arthropoda; c__Ostracoda; o__Halocyprida; f__Halocyprida; g__Halocyprida; s__marine_metagenome	0.9365427289085764	1.0	sklearn
9969d9d2bf07cfbccfd30e150f9781a4	d__Eukaryota; k__Animalia; p__Arthropoda; c__Maxillopoda; o__Calanoida; f__Calanoida; g__Calanoida; s__uncultured_eukaryote	0.9477070991525788	1.0	sklearn
99e44c90fc18eaf5099b20da2c51fe69	d__Eukaryota; k__Animalia	0.8349197352863275	1.0	sklearn
9a570ed1394f05bcfdecf88a674e206c	d__Eukaryota; k__Animalia; p__Arthropoda; c__Ostracoda; o__Halocyprida; f__Halocyprida; g__Halocyprida	0.9687461004988882	1.0	sklearn
9aa56e3ade394e78f1bba947ad8e020c	d__Eukaryota; k__Animalia; p__Cnidaria; c__Hydrozoa; o__Narcomedusae; f__Narcomedusae; g__Narcomedusae; s__Cunina_frugifera	0.9999692872905834	1.0	sklearn
9b46a32c53825f93354c8306ff33cdf7	d__Eukaryota; k__Animalia; p__Arthropoda; c__Malacostraca	0.9629957139458767	1.0	sklearn
9beebe8fe438b2e1b863d423d491b268	d__Eukaryota; k__Animalia; p__Cnidaria; c__Hydrozoa; o__Narcomedusae; f__Narcomedusae; g__Narcomedusae; s__Solmissus_marshalli	0.999998498966495	1.0	sklearn
9ca5cfba2789cf34abd4a5ccbf5f778c	d__Eukaryota; k__Animalia; p__Arthropoda; c__Maxillopoda	0.9610412959648583	1.0	sklearn
9cc20257b218b67c4c23d5fb592c2e0b	d__Eukaryota	0.9999999999694702	1.0	sklearn
9d38fcc759159c909c4723cff9707d07	d__Eukaryota	0.999996856417013	1.0	sklearn
9d8a12d500bf2da0fc70558372c48a67	d__Eukaryota; k__Animalia; p__Arthropoda; c__Maxillopoda	0.8624411143242318	1.0	sklearn
9e6b7c53bebe8fc11d5c4b98368fdc8a	d__Eukaryota; k__Animalia	0.9652882843585194	1.0	sklearn
9f21969142733f6883477e698cdb32fa	d__Eukaryota; k__Animalia; p__Arthropoda; c__Maxillopoda; o__Cyclopoida; f__Cyclopoida; g__Cyclopoida; s__uncultured_eukaryote	0.992967234193629	1.0	sklearn
9f936803dd027258bda71f32b7aec5ac	d__Eukaryota; k__Animalia; p__Cnidaria; c__Hydrozoa; o__Siphonophorae; f__Siphonophorae; g__Siphonophorae; s__uncultured_eukaryote	0.9506010629388444	1.0	sklearn
9fe942c1b6f524a6183c48f0f9e08970	d__Eukaryota; k__Animalia; p__Arthropoda; c__Maxillopoda	0.9816799315475245	1.0	sklearn
a0c2aee256d6b678365c9ced0373188e	d__Eukaryota	0.9999978954750357	1.0	sklearn
a0ffca0fdbbab8c5caecafa98574ec4c	d__Eukaryota; k__Animalia; p__Annelida; c__Polychaeta; o__Phyllodocida; f__Phyllodocida; g__Phyllodocida	0.9999194688868919	1.0	sklearn
a294bcff5a21be467e541d3c7f881d05	d__Eukaryota; k__Animalia; p__Vertebrata; c__Actinopterygii	0.9249142160550332	1.0	sklearn
a30332d509821a12475ceedb126106ab	d__Eukaryota; k__Animalia; p__Cnidaria; c__Hydrozoa; o__Narcomedusae; f__Narcomedusae; g__Narcomedusae; s__uncultured_eukaryote	0.9999911902335406	1.0	sklearn
a324302dd50eaa757a18424b4ee0d0ff	d__Eukaryota		1.0	VSEARCH
a3a9fb034681647cb6b08783d925b5a7	d__Eukaryota; k__Animalia	0.8772247352176722	1.0	sklearn
a3c0dfb104f5583d80e4712cbd17d202	d__Eukaryota; k__Animalia	0.9900596521475663	1.0	sklearn
a3f5e8a66e435967c05fc87214c4d115	d__Eukaryota; k__Animalia	0.8607148975542771	1.0	sklearn
a3fc6d990259c29f46e6fedf4c191cfd	d__Eukaryota; k__Animalia; p__Cnidaria; c__Scyphozoa; o__Semaeostomeae; f__Semaeostomeae; g__Semaeostomeae; s__Aurelia_sp.	0.9462780672136739	1.0	sklearn
a45e1c14b1044ba3b938bb6394d55cd5	d__Eukaryota; k__Animalia	0.8794648988259643	1.0	sklearn
a487f88dc244cd32c5138b4798b820c4	d__Eukaryota; k__Animalia; p__Vertebrata; c__Actinopterygii; o__Teleostei; f__Teleostei; g__Teleostei		0.857	VSEARCH
a6c29b08b776bdd5add292495cc409b8	d__Eukaryota; k__Animalia; p__Cnidaria; c__Scyphozoa; o__Coronatae; f__Coronatae; g__Coronatae; s__Atolla_vanhoeffeni	0.9796495559970929	1.0	sklearn
a79cf44004c07e31025db281fa912a43	d__Eukaryota	0.9999765193831571	1.0	sklearn
a7d0df933634297066ecbfd794a57d93	d__Eukaryota; k__Animalia	0.9108815387509733	1.0	sklearn
a8585e190ceb322dd4f6d929aa859a72	d__Eukaryota; k__Animalia	0.9930300998885742	1.0	sklearn
a90c97c8b7e676f5024e9e4e15eeacfa	d__Eukaryota; k__Animalia	0.9234186096935928	1.0	sklearn
aa5987756aa21f159f4ad1ac705a48f6	d__Eukaryota; k__Animalia; p__Bryozoa; c__Gymnolaemata; o__Cheilostomatida; f__Cheilostomatida; g__Cheilostomatida; s__Crisularia_plumosa	0.9983900054279193	1.0	sklearn
aa83a78270dfaaae4b2725e41a1e25d3	d__Eukaryota	0.9999874498730762	1.0	sklearn
ab589fc957f5645655f4677dcb5302a6	d__Eukaryota; k__Animalia; p__Arthropoda; c__Maxillopoda; o__Calanoida; f__Calanoida; g__Calanoida	0.9283397911493038	1.0	sklearn
ab6b5745d3a1ad4821f49f4461eec1e8	d__Eukaryota; k__Animalia; p__Cnidaria	0.876984598107159	1.0	sklearn
ace7c5e6b71c59f935379c2f7874d3f4	d__Eukaryota; k__Animalia; p__Ctenophora	0.9921763969150951	1.0	sklearn
ad5e1dc81f5e4ca41938c5bfad7fe01e	d__Eukaryota; k__Animalia; p__Tunicata; c__Thaliacea; o__Salpida; f__Salpida; g__Salpida; s__Salpa_thompsoni	0.9570420766511325	1.0	sklearn
ad8bf751583f5973a8e4965d34800460	d__Eukaryota; k__Animalia; p__Vertebrata; c__Mammalia; o__Mammalia; f__Mammalia; g__Mammalia; s__Homo_sapiens		1.0	VSEARCH
adc33baf1b09428a1110dc8c6d6a02e5	d__Eukaryota; k__Animalia	0.8835092866505764	1.0	sklearn
ade4cc5c985ef2320bf98ad1815610b5	d__Eukaryota; k__Animalia; p__Cnidaria; c__Hydrozoa; o__Trachymedusae; f__Trachymedusae; g__Trachymedusae; s__Pantachogon_haeckeli	0.9785718112941303	1.0	sklearn
ae7c574405aebc9001afe22cddb8d7d3	d__Eukaryota; k__Animalia; p__Cnidaria; c__Anthozoa; o__Ceriantharia; f__Ceriantharia; g__Ceriantharia; s__Pachycerianthus_fimbriatus	0.9994864020188639	1.0	sklearn
aef2089e7465ccf18cb28177369491d9	d__Eukaryota	0.9999999995124144	1.0	sklearn
af45d7945a07c23967f5430fabb10318	d__Eukaryota; k__Animalia; p__Arthropoda; c__Maxillopoda; o__Cyclopoida; f__Cyclopoida; g__Cyclopoida; s__uncultured_eukaryote	0.9999944534054414	1.0	sklearn
afc4e0b484ee6cac163e04b798ca9cb7	d__Eukaryota; k__Animalia; p__Cnidaria; c__Hydrozoa; o__Trachymedusae; f__Trachymedusae; g__Trachymedusae; s__Pantachogon_haeckeli	0.9999978238532865	1.0	sklearn
aff86341e9a1c6a6468f411bec09fe67	d__Eukaryota; k__Animalia; p__Arthropoda; c__Insecta	0.8123820652333853	1.0	sklearn
b027ff7aa5192700adc15e96e4616412	d__Eukaryota; k__Animalia; p__Mollusca; c__Bivalvia; o__Veneroida; f__Veneroida; g__Veneroida; s__Phaxas_pellucidus	0.9999374334872241	1.0	sklearn
b1be9828371c9512bd03b4a837aabcdf	d__Eukaryota; k__Animalia; p__Cnidaria; c__Hydrozoa; o__Siphonophorae; f__Siphonophorae; g__Siphonophorae; s__uncultured_eukaryote	0.871158904195922	1.0	sklearn
b1e6f699cfa63e026361434d858d728b	d__Eukaryota; k__Animalia	0.8316530192626114	1.0	sklearn
b213fccbe9f2faf2b6926e91b8d3c7f2	d__Eukaryota; k__Animalia; p__Arthropoda; c__Malacostraca; o__Peracarida; f__Peracarida; g__Peracarida	0.8754741021837721	1.0	sklearn
b236f0679c4db01c2dfa6e280571d32c	d__Eukaryota; k__Animalia	0.8704834794452186	1.0	sklearn
b24af785e3b4b070fa58ad8803f6a379	d__Eukaryota; k__Animalia; p__Arthropoda; c__Maxillopoda; o__Cyclopoida; f__Cyclopoida; g__Cyclopoida; s__uncultured_eukaryote	0.9998463194686635	1.0	sklearn
b2e1344282e3aa0768cd6ff1099280a5	d__Eukaryota; k__Animalia; p__Chaetognatha; c__Sagittoidea; o__Aphragmophora; f__Aphragmophora; g__Aphragmophora	0.9999797027651304	1.0	sklearn
b3a8ed588b50de7ea7fec9913ff9ba64	d__Eukaryota; k__Animalia	0.8055648346280031	1.0	sklearn
b4150558b269c64c85a5c79805ea4678	d__Eukaryota; k__Animalia; p__Arthropoda; c__Maxillopoda	0.8691926799811747	1.0	sklearn
b48d0f7d0116ab94b705e16733539bfa	d__Eukaryota; k__Animalia; p__Arthropoda; c__Maxillopoda; o__Sessilia; f__Sessilia; g__Sessilia	0.8060143737370769	1.0	sklearn
b4d58593b11c64ae0af4dc679332e050	d__Eukaryota; k__Animalia; p__Annelida; c__Polychaeta; o__Phyllodocida; f__Phyllodocida; g__Phyllodocida; s__Lepidonotus_sublevis	0.9848704110922085	1.0	sklearn
b503a591759a010221e29a89d1cdd878	d__Eukaryota; k__Animalia; p__Arthropoda; c__Maxillopoda; o__Calanoida; f__Calanoida; g__Calanoida; s__uncultured_eukaryote	0.9890116273900941	1.0	sklearn
b52677cfb25582bcb9bcd678ef76fd40	d__Eukaryota; k__Animalia	0.9160399844452647	1.0	sklearn
b534d559c1cc11a0e7731a4c8634900e	d__Eukaryota; k__Animalia; p__Rotifera; c__Monogononta; o__Flosculariacea; f__Flosculariacea; g__Flosculariacea	0.9458790413400209	1.0	sklearn
b5e065ef3993d53639528f1038fa2f07	d__Eukaryota; k__Animalia; p__Ctenophora; c__Tentaculata	0.9197556117593465	1.0	sklearn
b6777303517dfe2ba1fe2e63cda3bf82	d__Eukaryota; k__Animalia; p__Cnidaria; c__Hydrozoa; o__Anthoathecata; f__Anthoathecata; g__Anthoathecata; s__Corymorpha_bigelowi	0.9457497445687293	1.0	sklearn
b686b4389b069789c838eed23a249c5e	d__Eukaryota; k__Animalia; p__Arthropoda; c__Maxillopoda; o__Cyclopoida; f__Cyclopoida; g__Cyclopoida; s__uncultured_eukaryote	0.9975367346247309	1.0	sklearn
b686f40db36d4687cad71ec1b912890c	d__Eukaryota; k__Animalia; p__Gastrotricha; c__Gastrotricha; o__Chaetonotida; f__Chaetonotida; g__Chaetonotida	0.9972813207394319	1.0	sklearn
b7d65ae7bdb12816179f3ba5394d9f30	d__Eukaryota; k__Animalia; p__Arthropoda; c__Maxillopoda	0.9803668040071251	1.0	sklearn
b8340222969eb765dbf2e38ae11213d6	d__Eukaryota; k__Animalia; p__Arthropoda; c__Maxillopoda	0.9824966143298843	1.0	sklearn
b840401829b3afec1b43ec34fcb4a120	d__Eukaryota	0.9998982485491696	1.0	sklearn
b860d1bc8f1c75384f31e9c74d2786fd	d__Eukaryota	0.9999998361824014	1.0	sklearn
b94c722169f623ba4214fa9159c00b9b	d__Eukaryota; k__Animalia; p__Arthropoda; c__Maxillopoda; o__Calanoida; f__Calanoida; g__Calanoida; s__uncultured_eukaryote	0.8368079382465701	1.0	sklearn
ba50a7396ee9d40bfadc7d4ad23d4a25	d__Eukaryota; k__Animalia	0.8721306558395999	1.0	sklearn
baae7bd9670072d33eafb4c1ddf88bf2	d__Eukaryota; k__Animalia; p__Cnidaria; c__Hydrozoa; o__Siphonophorae; f__Siphonophorae; g__Siphonophorae; s__uncultured_eukaryote	0.9831560346472167	1.0	sklearn
bb4221cb366ab3569fed859a6d9785d0	d__Eukaryota; k__Animalia; p__Chaetognatha; c__Sagittoidea; o__Aphragmophora; f__Aphragmophora; g__Aphragmophora	0.9999989791016562	1.0	sklearn
bb5ae9b7c1402211ce526c1b8e9e588c	d__Eukaryota; k__Animalia; p__Arthropoda; c__Maxillopoda; o__Cyclopoida; f__Cyclopoida; g__Cyclopoida; s__uncultured_eukaryote	0.9954848018738792	1.0	sklearn
bbadf55d5a258e93ca7320d272d69d99	d__Eukaryota; k__Animalia	0.8371758971984086	1.0	sklearn
bbcd03bb6a6db7faa0c9b64b57db0378	d__Eukaryota; k__Animalia; p__Arthropoda; c__Maxillopoda	0.94213920900691	1.0	sklearn
bbf3d7615dc4ba04cc4f1415d1816c34	d__Eukaryota; k__Animalia; p__Arthropoda	0.8137116890380364	1.0	sklearn
bc2375e63b213492f53e89462bfed033	d__Eukaryota; k__Animalia; p__Arthropoda; c__Maxillopoda; o__Calanoida; f__Calanoida; g__Calanoida; s__uncultured_eukaryote	0.8934226708578985	1.0	sklearn
bcc4ef2a5feb7efa7ce56f3cb8d97bcc	d__Eukaryota; k__Animalia; p__Cnidaria; c__Hydrozoa; o__Leptothecata; f__Leptothecata; g__Leptothecata	0.9580406887991718	1.0	sklearn
bcfe12a84a5829735ac1156b0da4d8cd	d__Eukaryota; k__Animalia; p__Tunicata; c__Appendicularia; o__Copelata; f__Oikopleuridae; g__Oikopleuridae; s__uncultured_metazoan	0.9396341692762034	1.0	sklearn
bd47b7123d632cde6818090eb8e30a1c	d__Eukaryota; k__Animalia; p__Cnidaria; c__Hydrozoa; o__Anthoathecata; f__Anthoathecata; g__Anthoathecata; s__Coryne_nipponica	0.9993480859755253	1.0	sklearn
bda3e52c6eeca2c43e61beada29232c3	d__Eukaryota; k__Animalia; p__Cnidaria; c__Hydrozoa; o__Anthoathecata; f__Anthoathecata; g__Anthoathecata	0.9952184252665754	1.0	sklearn
bf2d290cbc1cfcdb67a77f76b39d2e77	d__Eukaryota; k__Animalia	0.839602221918404	1.0	sklearn
bf9d70bc6d65bd1874fce3aa7894d077	d__Eukaryota; k__Animalia; p__Arthropoda; c__Maxillopoda	0.9715907160703985	1.0	sklearn
bff990bb1006dca1f0d7ade89a6e068e	d__Eukaryota; k__Animalia; p__Arthropoda; c__Maxillopoda; o__Cyclopoida; f__Cyclopoida; g__Cyclopoida; s__uncultured_eukaryote	0.9999438633417203	1.0	sklearn
c0bf2cc64f73aff0718f7e7d868bf0d0	d__Eukaryota; k__Animalia; p__Cnidaria; c__Hydrozoa; o__Trachylinae; f__Trachylinae; g__Trachylinae; s__Liriope_tetraphylla	0.9999795194223314	1.0	sklearn
c17c6378965bacfcfa51a01a7e37a446	d__Eukaryota; k__Animalia; p__Annelida; c__Polychaeta; o__Eunicida; f__Eunicida; g__Eunicida	0.9998964533521505	1.0	sklearn
c38fa1d91765da2dcb918b509321771e	d__Eukaryota; k__Animalia; p__Ctenophora; c__Tentaculata; o__Cydippida; f__Cydippida; g__Cydippida; s__Undescribed_mertensiid		1.0	VSEARCH
c47881cf033a3bb4a1ef72f6f64588dc	d__Eukaryota; k__Animalia; p__Arthropoda; c__Maxillopoda; o__Cyclopoida; f__Cyclopoida; g__Cyclopoida; s__uncultured_eukaryote	0.9425823950607956	1.0	sklearn
c4f576a7cce5668fa26ae601c7ac1ae3	d__Eukaryota; k__Animalia; p__Arthropoda; c__Maxillopoda; o__Cyclopoida; f__Cyclopoida; g__Cyclopoida; s__uncultured_eukaryote	0.8958443034729204	1.0	sklearn
c5cf062f1e3b23994e5d582c813a8beb	d__Eukaryota; k__Animalia; p__Arthropoda; c__Maxillopoda	0.8835394824494818	1.0	sklearn
c6aa5e6b7f6ea8ef63ecc8b61ac93394	d__Eukaryota; k__Animalia; p__Annelida; c__Polychaeta; o__Spionida; f__Spionida; g__Spionida; s__Caulleriella_parva	0.9602045436776387	1.0	sklearn
c6bed5e99299b71dba1e43e70199c069	d__Eukaryota; k__Animalia; p__Arthropoda; c__Ostracoda; o__Halocyprida; f__Halocyprida; g__Halocyprida; s__marine_metagenome	0.9975942513528991	1.0	sklearn
c767bb0686e192e049eeb1c1911431a9	d__Eukaryota; k__Animalia	0.9965536394372037	1.0	sklearn
c7d87419132b0eadc96f5a05f75d5fb1	d__Eukaryota; k__Animalia; p__Nemertea; c__Anopla; o__Heteronemertea; f__Heteronemertea; g__Heteronemertea	0.9990611185060098	1.0	sklearn
c926f2f006ec896b905bddb781bcf12c	d__Eukaryota; k__Animalia; p__Cnidaria; c__Hydrozoa; o__Narcomedusae; f__Narcomedusae; g__Narcomedusae; s__Solmissus_marshalli	0.9999828154012738	1.0	sklearn
c980e16c7a927570f0e8e5f5c2641487	d__Eukaryota; k__Animalia; p__Arthropoda; c__Maxillopoda; o__Cyclopoida; f__Cyclopoida; g__Cyclopoida; s__uncultured_eukaryote	0.9999970331643724	1.0	sklearn
c99d7b8e9a45682e3040febaaf46fadb	d__Eukaryota; k__Animalia; p__Arthropoda; c__Ostracoda; o__Halocyprida; f__Halocyprida; g__Halocyprida; s__Conchoecia_sp.	0.9820045862638737	1.0	sklearn
c9b4d6f36ee105755764e820ebb83b5b	d__Eukaryota	0.9999999995007853	1.0	sklearn
ca0d6fcd134a27d51d0101a260e2a1d7	d__Eukaryota	0.9999999888823531	1.0	sklearn
ca54adb5e80024458d3a65e5d0dd1044	d__Eukaryota; k__Animalia	0.8125079598322026	1.0	sklearn
cab270a65950d05aaa41e4500d90445c	d__Eukaryota; k__Animalia	0.862336838298929	1.0	sklearn
cbc7b17d2b240e1c155cb255f2d2b3fb	d__Eukaryota; k__Animalia; p__Cnidaria; c__Hydrozoa; o__Narcomedusae; f__Narcomedusae; g__Narcomedusae; s__Cunina_frugifera	0.9519889567967551	1.0	sklearn
cc2be40a53475ffcc049703af83677ea	d__Eukaryota; k__Animalia	0.9999753808738423	1.0	sklearn
cf87814776398f3c3ad71c6b0e7fd086	d__Eukaryota; k__Animalia; p__Arthropoda; c__Ostracoda; o__Halocyprida; f__Halocyprida; g__Halocyprida; s__marine_metagenome	0.9958733794347656	1.0	sklearn
d0fde570aa429db35ab5aa9dafcae17f	d__Eukaryota; k__Animalia	0.9447568010783852	1.0	sklearn
d11f10e603efa63904e7759e6e90ef4e	d__Eukaryota; k__Animalia; p__Vertebrata; c__Actinopterygii; o__Teleostei; f__Teleostei; g__Teleostei	0.9115608711462887	1.0	sklearn
d159f1f43dce62bd72d8883079620f7d	d__Eukaryota; k__Animalia; p__Arthropoda	0.8623982535498543	1.0	sklearn
d1ae5258855431da6cb5383eac9c112f	d__Eukaryota; k__Animalia; p__Arthropoda; c__Maxillopoda; o__Cyclopoida; f__Cyclopoida; g__Cyclopoida; s__uncultured_eukaryote	0.9885837346066397	1.0	sklearn
d1bea6bbd9d86f7878e918403a8bc362	d__Eukaryota; k__Animalia; p__Vertebrata; c__Actinopterygii; o__Teleostei; f__Teleostei; g__Teleostei	0.8914883184584207	1.0	sklearn
d216a30386682668a3dea278323e9fab	d__Eukaryota; k__Animalia	0.8716325440601457	1.0	sklearn
d2b9bdab46a9cbf1321c75fbe8f1de01	d__Eukaryota; k__Animalia; p__Cnidaria; c__Hydrozoa; o__Anthoathecata; f__Anthoathecata; g__Anthoathecata; s__Hybocodon_chilensis	0.8648871455732817	1.0	sklearn
d2f64c40186993fb8d0bc0ac95d27640	d__Eukaryota; k__Animalia; p__Ctenophora; c__Tentaculata; o__Cydippida; f__Cydippida; g__Cydippida; s__Pleurobrachia_bachei	0.863759443639786	1.0	sklearn
d36a03310958a7b4daaee16b2830de9a	d__Eukaryota; k__Animalia; p__Arthropoda	0.896802394252707	1.0	sklearn
d478534d00dbe84799faa3954d70a266	d__Eukaryota	0.9999999994475146	1.0	sklearn
d48429d4b57908d789c7c265eb760531	d__Eukaryota; k__Animalia; p__Annelida; c__Polychaeta; o__Spionida; f__Spionida; g__Spionida; s__Caulleriella_parva	0.9992346817517463	1.0	sklearn
d51c1867b9c23f1888ba8d80c0e4d571	d__Eukaryota; k__Animalia; p__Arthropoda; c__Maxillopoda; o__Cyclopoida; f__Cyclopoida; g__Cyclopoida; s__uncultured_eukaryote	0.9999725393919832	1.0	sklearn
d557d15dff69eea579b6cb252b1c7c8c	d__Eukaryota	0.9999997843027123	1.0	sklearn
d5c2d5525c15b03f910a74605fcb2e7f	d__Eukaryota; k__Animalia; p__Echinodermata; c__Holothuroidea; o__Holothuroidea; f__Holothuroidea; g__Holothuroidea	0.9999999656071794	1.0	sklearn
d61a6e8a193a16d5dc7558838fc8d745	d__Eukaryota; k__Animalia; p__Arthropoda; c__Ostracoda; o__Halocyprida; f__Halocyprida; g__Halocyprida; s__marine_metagenome	0.9897059335483026	1.0	sklearn
d691759c21a2c66a8869cb85ecbd26c3	d__Eukaryota; k__Animalia; p__Arthropoda; c__Arachnida; o__Acari; f__Acari; g__Acari		1.0	VSEARCH
d71b690a4b539c6a65198b174fbe1747	d__Eukaryota; k__Animalia	0.9259940476664119	1.0	sklearn
daaee4e60513fc0ce082e50b6a763d89	d__Eukaryota; k__Animalia; p__Annelida; c__Polychaeta; o__Phyllodocida; f__Phyllodocida; g__Phyllodocida; s__Lepidonotus_sublevis	0.969107902129733	1.0	sklearn
dad10c2cb983bf586dd553ee65f7099b	d__Eukaryota	0.9999999928837359	1.0	sklearn
db6fa4ef714982f68697be833c73b8f1	d__Eukaryota	0.9999999999816164	1.0	sklearn
dbf305dbafe365cc99ecc4eadc7444d4	d__Eukaryota; k__Animalia; p__Arthropoda; c__Maxillopoda	0.854092895214828	1.0	sklearn
dda490c620aa1cec7d7c982779cdd1c7	d__Eukaryota; k__Animalia; p__Mollusca; c__Gastropoda; o__Heterobranchia; f__Heterobranchia; g__Heterobranchia; s__Limacina_retroversa		1.0	VSEARCH
df2580d65da348ac6810a03cff41a903	d__Eukaryota; k__Animalia	0.9943316376095432	1.0	sklearn
df78500a58fde0032b60db5119ab52e2	d__Eukaryota	0.9999999999142377	1.0	sklearn
dfdbba6227b19dc0a21f1c6e332faf1f	d__Eukaryota; k__Animalia; p__Arthropoda; c__Maxillopoda; o__Calanoida; f__Calanoida; g__Calanoida; s__uncultured_eukaryote	0.888000987743584	1.0	sklearn
e02b92ca6d500b3beec898db13e92356	d__Eukaryota; k__Animalia; p__Cnidaria	0.9024149496912672	1.0	sklearn
e06aacc38614bdfa8eac4f8c38210ad1	d__Eukaryota; k__Animalia; p__Cnidaria; c__Hydrozoa; o__Narcomedusae; f__Narcomedusae; g__Narcomedusae; s__Cunina_frugifera	0.9772437480825708	1.0	sklearn
e0a16f98b564fab60559ee961dd08dac	d__Eukaryota; k__Animalia; p__Arthropoda; c__Maxillopoda; o__Cyclopoida; f__Cyclopoida; g__Cyclopoida; s__uncultured_eukaryote	0.9999853756859661	1.0	sklearn
e0ae449711862248059490633d2d5f63	d__Eukaryota; k__Animalia; p__Cnidaria; c__Hydrozoa; o__Narcomedusae; f__Narcomedusae; g__Narcomedusae; s__Tetraplatia_volitans		1.0	VSEARCH
e1061ed313059c8648dba40e7d38a207	d__Eukaryota; k__Animalia; p__Vertebrata	0.9981942507739828	1.0	sklearn
e1a18ef22f4ff54f667afd9df3ea4389	d__Eukaryota; k__Animalia; p__Arthropoda; c__Ostracoda; o__Halocyprida; f__Halocyprida; g__Halocyprida; s__marine_metagenome	0.9731667918595844	1.0	sklearn
e1f2dc6ca63aec5746d9321b41a4aa8e	d__Eukaryota	0.9999999880339061	1.0	sklearn
e242cd9939d0e7b163c22e0ac41baf9d	d__Eukaryota; k__Animalia; p__Ctenophora; c__Tentaculata	0.8015638245345027	1.0	sklearn
e2c9700ec333a2aaaee9f0f410372cbe	d__Eukaryota; k__Animalia; p__Arthropoda; c__Maxillopoda; o__Calanoida; f__Calanoida; g__Calanoida; s__uncultured_eukaryote	0.8570843875347431	1.0	sklearn
e312365ba46a2bed71c13a21d60c6650	d__Eukaryota; k__Animalia	0.82509081862605	1.0	sklearn
e356af5d51432414a855cb068b77ee5a	d__Eukaryota	0.9999769627159859	1.0	sklearn
e7775126d592f3b9fed0760993e40d0a	d__Eukaryota; k__Animalia; p__Arthropoda; c__Maxillopoda; o__Calanoida; f__Calanoida; g__Calanoida; s__uncultured_eukaryote		1.0	VSEARCH
e78111a7506a679ea5e3c09e2199ac94	d__Eukaryota; k__Animalia; p__Cnidaria; c__Hydrozoa; o__Siphonophorae; f__Siphonophorae; g__Siphonophorae; s__uncultured_eukaryote	0.8959411587813652	1.0	sklearn
e7d96b2fe3355e51fb2048bf773d81fc	d__Eukaryota; k__Animalia; p__Arthropoda; c__Maxillopoda	0.9591314078789666	1.0	sklearn
e870a474a17aabe9926e796bbb661f5c	d__Eukaryota; k__Animalia; p__Arthropoda; c__Malacostraca; o__Peracarida; f__Peracarida; g__Peracarida	0.9999999948963035	1.0	sklearn
e8e8b19541a0093a28a2a699a75e7b48	d__Eukaryota; k__Animalia; p__Rotifera; c__Monogononta; o__Ploimida; f__Ploimida; g__Ploimida	0.9266714646796779	1.0	sklearn
e9d600d49b1f9f49f80472291f3669d2	d__Eukaryota; k__Animalia	0.9941636624753364	1.0	sklearn
ea66f2c21d0f94e13a25bc78a88aede4	d__Eukaryota; k__Animalia; p__Cnidaria; c__Hydrozoa; o__Anthoathecata; f__Anthoathecata; g__Anthoathecata; s__Pandea_sp.	0.9996461231315804	1.0	sklearn
ea749ae271b3cad7b4da02c4af1e5811	d__Eukaryota; k__Animalia; p__Tunicata; c__Thaliacea; o__Salpida; f__Salpida; g__Salpida; s__Salpa_thompsoni	0.8006876900353916	1.0	sklearn
ea889d8d91959f9dee0280046d1af6bc	d__Eukaryota; k__Animalia; p__Arthropoda; c__Maxillopoda	0.9593398086723655	1.0	sklearn
eb07cc6041eccbf33afab16b4fb88868	d__Eukaryota; k__Animalia; p__Annelida; c__Polychaeta	0.9626731373321138	1.0	sklearn
eb43fc67f81c3b43743e234f18d6a076	d__Eukaryota; k__Animalia; p__Arthropoda; c__Maxillopoda	0.9205863288101198	1.0	sklearn
eb516fcc88bc15f27389528f7e23623c	d__Eukaryota; k__Animalia; p__Vertebrata; c__Actinopterygii; o__Teleostei; f__Teleostei; g__Teleostei	0.9012474946221005	1.0	sklearn
ec5db8f26a20fe879452130c7fcc2b8f	d__Eukaryota; k__Fungi; p__Basidiomycota; c__Malasseziomycetes; o__Malasseziales; f__Malasseziaceae; g__Malassezia; s__Polyrhabdina_sp.		1.0	VSEARCH
ed2c254c18c08d4d18a1bac663a62864	d__Eukaryota; k__Animalia	0.8351436727762358	1.0	sklearn
ed45519396896c75f126fcd12c17195c	d__Eukaryota; k__Animalia; p__Cnidaria; c__Scyphozoa; o__Semaeostomeae; f__Semaeostomeae; g__Semaeostomeae; s__Cyanea_sp.		1.0	VSEARCH
ed58102afaa0952ccb2a2cb2852e6439	d__Eukaryota; k__Animalia; p__Vertebrata; c__Actinopterygii; o__Teleostei; f__Teleostei; g__Teleostei; s__Channa_punctata		1.0	VSEARCH
ee081352388aea9e14e40fc1ca2d6f7a	d__Eukaryota	0.9988204376672712	1.0	sklearn
ee72532e36f9fd5c46940b50cdaf6fcf	d__Eukaryota; k__Animalia; p__Arthropoda; c__Maxillopoda; o__Calanoida; f__Calanoida; g__Calanoida; s__uncultured_eukaryote	0.9974977609697625	1.0	sklearn
ef14c6bb9ae3c1170e45b29849ea509d	d__Eukaryota; k__Animalia	0.854910480217135	1.0	sklearn
ef159d42da63bd96184ae19cd39f70a9	d__Eukaryota; k__Animalia; p__Tunicata; c__Appendicularia; o__Copelata; f__Oikopleuridae; g__Oikopleuridae; s__uncultured_eukaryote	0.9983790008106631	1.0	sklearn
ef3f8b3904f832327ed1a2f8c3bd8526	d__Eukaryota; k__Animalia; p__Cnidaria; c__Hydrozoa; o__Siphonophorae; f__Siphonophorae; g__Siphonophorae	0.9989753978655405	1.0	sklearn
efdd0511ae419c68f0428efe568c2434	d__Eukaryota; k__Animalia; p__Arthropoda; c__Maxillopoda; o__Calanoida; f__Calanoida; g__Calanoida; s__Sinocalanus_sinensis	0.9105780908676607	1.0	sklearn
f0267c2558fe429a686317f1142d945b	d__Eukaryota; k__Animalia; p__Arthropoda; c__Ostracoda; o__Halocyprida; f__Halocyprida; g__Halocyprida; s__marine_metagenome	0.9656984058204124	1.0	sklearn
f0e4129d8b6d62460c1c94186543d700	d__Eukaryota	0.9999995485087555	1.0	sklearn
f22a78542747de9e9fdf446a92e22d4b	d__Eukaryota; k__Animalia	0.8407872931420176	1.0	sklearn
f2536050db61368e422fe65cebdbeaf2	d__Eukaryota; k__Animalia	0.8687483185840441	1.0	sklearn
f45b552c61bf6f5814ec62e9bd65bbad	d__Eukaryota; k__Animalia; p__Cnidaria; c__Hydrozoa; o__Trachymedusae; f__Trachymedusae; g__Trachymedusae; s__Pantachogon_haeckeli	0.9999999128104559	1.0	sklearn
f5ce20a8f976a7e06a54f3b275248e30	d__Eukaryota; k__Animalia; p__Arthropoda; c__Malacostraca; o__Peracarida; f__Peracarida; g__Peracarida	0.9050024373972516	1.0	sklearn
f60fa3398938e5e640395b870e5169c3	d__Eukaryota; k__Animalia; p__Cnidaria; c__Hydrozoa	0.9771010300737726	1.0	sklearn
f66ce098f82639af4a8584a33e48c97c	d__Eukaryota	0.9999999982788034	1.0	sklearn
f6d7b514845c955227db05347309cc5c	d__Eukaryota; k__Animalia	0.9990851060455964	1.0	sklearn
f719c8dd9b927c3606791d622323fe13	d__Eukaryota; k__Animalia; p__Cnidaria; c__Hydrozoa; o__Siphonophorae; f__Siphonophorae; g__Siphonophorae; s__uncultured_eukaryote	0.987743711840526	1.0	sklearn
f75299050afeb9c9d6a02e3c8c15df11	d__Eukaryota; k__Animalia; p__Arthropoda; c__Maxillopoda; o__Sessilia; f__Sessilia; g__Sessilia	0.8529583445804318	1.0	sklearn
f7a753f97d8139ca77c7c6420cc4f75d	d__Eukaryota; k__Animalia; p__Cnidaria; c__Hydrozoa; o__Siphonophorae; f__Siphonophorae; g__Siphonophorae; s__uncultured_eukaryote		1.0	VSEARCH
f83d44e5aa2b6baf70fead9112fdde02	d__Eukaryota; k__Animalia; p__Arthropoda	0.8267943073065056	1.0	sklearn
f83f115a8278f92bbbba178ed3c2af54	d__Eukaryota; k__Animalia	0.8994969358762043	1.0	sklearn
f8d28a949b7f0508e92f4c470c9032d7	d__Eukaryota; k__Animalia		1.0	VSEARCH
f8dc0598dfb6e3279407f37a14812970	d__Eukaryota; k__Animalia; p__Cnidaria; c__Hydrozoa; o__Trachymedusae; f__Trachymedusae; g__Trachymedusae; s__Pantachogon_haeckeli	0.9999977440093926	1.0	sklearn
f8e788fae61df6ef0b3f087f776b1c33	d__Eukaryota; k__Animalia; p__Ctenophora		1.0	VSEARCH
f925802063498537ec4781bbe7a30518	d__Eukaryota; k__Animalia	0.9770624384542705	1.0	sklearn
fb1d16e15669df399db2dfd6c0559270	d__Eukaryota	0.9999999987063359	1.0	sklearn
fb5eebb6983a17c092cafea61880d618	d__Eukaryota	0.9999999999978013	1.0	sklearn
fc1077d723d57e82fc1344524033fb6f	d__Eukaryota; k__Animalia; p__Cnidaria; c__Hydrozoa; o__Trachylinae; f__Trachylinae; g__Trachylinae; s__uncultured_eukaryote		1.0	VSEARCH
fca487895ba94c80f854cbe96fb041a5	d__Eukaryota; k__Animalia	0.8957270868356988	1.0	sklearn
fcb2722e13d81db779d7d515ea70d445	d__Eukaryota; k__Animalia; p__Cnidaria; c__Hydrozoa; o__Siphonophorae; f__Siphonophorae; g__Siphonophorae; s__uncultured_eukaryote	0.9955967284086787	1.0	sklearn
fce3c59d3c2258f9063f7db86dfd73a4	d__Eukaryota; k__Animalia; p__Arthropoda; c__Maxillopoda; o__Poecilostomatoida; f__Poecilostomatoida; g__Poecilostomatoida; s__Sapphirina_darwinii	0.983502521878644	1.0	sklearn
fd9b07ebdf595d197d6977d2f60bca73	d__Eukaryota; k__Animalia; p__Arthropoda; c__Ostracoda; o__Halocyprida; f__Halocyprida; g__Halocyprida; s__marine_metagenome	0.999311501909686	1.0	sklearn
fdbe1ca1c46d3eaee676c9c8197f416d	d__Eukaryota; k__Animalia; p__Annelida; c__Polychaeta; o__Eunicida; f__Eunicida; g__Eunicida	0.8714164668803586	1.0	sklearn
fdea887c6a39aff312e9557019acea14	d__Eukaryota; k__Animalia; p__Cnidaria; c__Hydrozoa; o__Siphonophorae; f__Siphonophorae; g__Siphonophorae; s__uncultured_eukaryote		1.0	VSEARCH
fe45f49e4b2929a1ad17276afa97cfe7	d__Eukaryota; k__Animalia; p__Arthropoda; c__Ostracoda; o__Halocyprida; f__Halocyprida; g__Halocyprida; s__marine_metagenome	0.9953898517973723	1.0	sklearn
fe5a4933a03fcdb6fbabcb6d9f64ceab	d__Eukaryota; k__Animalia; p__Ctenophora	0.9161364925818235	1.0	sklearn
ff12ca99c3639ec43d9a2712570738d3	d__Eukaryota; k__Animalia; p__Arthropoda	0.8190152223472281	1.0	sklearn
ff2b0b15022ebec5cd384ca608e7af9a	d__Eukaryota; k__Animalia; p__Ctenophora; c__Tentaculata; o__Platyctenida; f__Platyctenida; g__Platyctenida; s__Coeloplana_agniae		1.0	VSEARCH
ff6d690d0a3755e34e3f24e583e19c93	d__Eukaryota; k__Animalia; p__Tunicata; c__Appendicularia; o__Copelata; f__Oikopleuridae; g__Oikopleuridae; s__uncultured_eukaryote	0.9999595795709151	1.0	sklearn
ffdbbe8ceffb57716b0ea5c50b399dfe	d__Eukaryota; k__Animalia; p__Cnidaria; c__Hydrozoa; o__Anthoathecata; f__Anthoathecata; g__Anthoathecata; s__Pandea_sp.	0.9997223644382337	1.0	sklearn
ffeb4a800b3c0c5286338851ddcd11fb	d__Eukaryota; k__Animalia; p__Vertebrata; c__Actinopterygii; o__Teleostei; f__Teleostei; g__Teleostei	0.8115293202246678	1.0	sklearn
