"","Name","Accession","Bit.Score","Database","Description","E.Value","Grade","Hit.end","Hit.start","Organism","OTU","Query.coverage","Sequence","Order"
"1","MZ230461","MZ230461",219.494,"nr","Muggiaea atlantica isolate MA3 small subunit ribosomal RNA gene, partial sequence",1.33e-52,"97.40%",1772,1637,"Muggiaea atlantica","0159ee7a4ae8542b084318717d36527a","99.27%","CGCCCGTCGCTACTACCGATTGAATGGTTTAGTGAGATCTTCGGATTGGCACAATCGCGGCCTAACGGAAGTGATGGTGCCGAAAAGTTGCTCAAACTTGATCATTTAGAGGAAGTAAAAGTCGTAACAAGGTTTC","Siphonophorae"
"2","MF796519","MF796519",240.233,"nr","Paraeuchaeta parvula isolate 359 18S ribosomal RNA gene, partial sequence",1.39e-58,"99.60%",1757,1623,"Paraeuchaeta parvula","0ae87e229c9846270aa798af93b44825","100.00%","CGCCCGTCGCTACTACCGATTGAACGTTTTAGTGAGGTCCTCGGACTGTTTGGTAGGCGGATTGCTCTGCCTGCCTGGCGGGAAGACGACCAAACTGTAGCGTTTAGAGGAAGTAAAAGTCGTAACAAGGTTTCC","Calanoida"
"3","MK621864","MK621864",212.28,"nr","Mesoikopleura haranti isolate haranti-L small subunit ribosomal RNA gene, partial sequence.",2.03e-50,"97.20%",1778,1639,"Mesoikopleura haranti","1d803c600a9d717ef2301f1587744315","100.00%","CGCCCGTCGCTACTACCGATTGAATGGTTCAGTGAGATAATCGGACTGGTTACTTGGTAATTGGCAACAGTTAACGAGAATACTGGGAAGACGATCAAACTTAGTCATTTAGAGGAAGTAAAAGTCGTAACAAGGTTTCC","Copelata"
"4","MG547378","MG547378",218.592,"nr","Rhaptothyreus typicus isolate TAN1701_14_1 18S ribosomal RNA gene, partial sequence",4.45e-52,"97.30%",1609,1480,"Rhaptothyreus typicus","1e8bab0ad004f6372b3f32b819daf3b9","96.99%","CGCCCGTCGCTACTACCGATTGGATGGTTTAGCCAGGTCTTTGGACCGCTTGTGAGGCTGCTTGCAGTCATTCAACTGGGAAGATGTCCTAACTTGACCATCTAGAGGAAGTAAAAGGTCGTAACATGGT","Enoplida"
"5","LC581994","LC581994",235.724,"nr","Clausocalanus farrani SJCLFA01 gene for 18S rRNA, partial sequence",1.69e-57,"99.30%",429,295,"Clausocalanus farrani","1ff1fff946d91c31af81d78212918049","100.00%","CGCCCGTCGCTACTACCGATTGAACGTTTTAGTGAGGTCCTCGGACTGTTTGGTAGTCGGATCACTCTGACTGCCTGGCGGGAAGACGACCAAACTGTAGCGTTTAGAGGAAGTAAAAGTCGTAACAAGGTATCC","Calanoida"
"6","LC581994","LC581994",269.988,"nr","Clausocalanus farrani SJCLFA01 gene for 18S rRNA, partial sequence",1.06e-67,"96.30%",429,276,"Clausocalanus farrani","30079567906c07853346e8de617ea657","93.90%","CCCTGCCCTTTGTACACACCGCCCGTCGCTACTACCGATTGAACGTTTTAGTGAGGTCCTCGGACTGTTTGGTAGTCGGATCACTCTGACTGCCTGGCGGGAAGACGACCAAACTGTAGCGTTTAGAGGAAGTAAAAGTCGTAACAAGGTATCC","Calanoida"
"7","KY363983","KY363983",214.986,"nr","Ptychogena crocea isolate MHNG-HYD-DNA1163 18S ribosomal RNA gene, partial sequence",5.65e-51,"97.50%",1763,1626,"Ptychogena crocea","34b1241de0ac20359e0e521d41422303","100.00%","CGCCCGTCGCTACTACCGATTGAATGGTTTAGTGAGATCCTCGGATTGGCACCTTTGCTCTTCGCGGAGTCGAAGGCTCGCCGAAAAGTTGCTCAAACTTGATCATTTAGAGGAAGTAAAAGTCGTAACAAGGTTTCC","Leptothecata"
"8","LC581962","LC581962",196.952,"nr","Neocalanus flemingeri NPNEFL01 gene for 18S rRNA, partial sequence",1.49e-45,"95.10%",426,296,"Neocalanus flemingeri","34fb7b0b1a9076e6737ae368be869397","97.04%","CGCCCGTCGCTACTACCGATTGAACGTTTTAGTGAGGTCCTCGGACTGTTTGCCTGGCGGATTACTCTGCCTGGCTGGCGGGAAGACGACCAAACTGTAGCGTTTAGAGGAAGTAAAAGTCGTAACAAGGA","Calanoida"
"9","KY363983","KY363983",227.609,"nr","Ptychogena crocea isolate MHNG-HYD-DNA1163 18S ribosomal RNA gene, partial sequence",9.05e-55,"98.20%",1763,1626,"Ptychogena crocea","3d3cb70e680c1018641a9db0e92ea0e1","100.00%","CGCCCGTCGCTACTACCGATTGAATGGTTTAGTGAGATCCTCGGATTGGCACCTTTGCTCTTCGCGGAGTCGAAGGCTCGCCGAAAAGTTGCTCAAACTTGATCATTTAGAGGAAGTAAAAGTCGTAACAAGGTTTCC","Leptothecata"
"10","MT522691","MT522691",245.643,"nr","Trichocerca mucosa isolate JH_002E07 small subunit ribosomal RNA gene, partial sequence",3.41e-60,"99.30%",1750,1613,"Trichocerca mucosa","3e1ce04e9cccf218bcc69302be79770d","99.28%","CGCCCGTCGCTACTACCGATTGAATGGTTTAGTGAGATCCTCGGATTGATCCGGAAGTGGCCGCAAGGTTGCCTCTAGGTATCGAGAAGACGATCAAACTTGATCATTTAGAGGAAGTAAAAGTCGTAACAAGGTTTC","Ploima"
"11","KP768147","KP768147",208.674,"nr","Pleuromamma robusta isolate PROBU_O88 18S ribosomal RNA gene, partial sequence",2.35e-49,"97.00%",143,9,"Pleuromamma robusta","4669c006de0b3a7bafcc6f1a7f112f80","100.00%","CGCCCGTCGCTACTACCGATTGAACGTTTTAGTGAGGTCCACGGACTGTTTGCAGAGCGGATTATTCTGCCCTGCTGGCGGGAAGTCGACCAAACTTGAGCGTTTAGAGGAAGTAAAAGTCGTAACAAGGTTTCC","Calanoida"
"12","LC581994","LC581994",235.724,"nr","Clausocalanus farrani SJCLFA01 gene for 18S rRNA, partial sequence",1.69e-57,"99.30%",429,295,"Clausocalanus farrani","46871f147cc6f2e6f6da56407213c035","100.00%","CGCCCGTCGCTACTACCGATTGAACGTTTTAGTGAGGTCCTCGGACTGTTTGGTAGTCGGATCACTCTGACTGCCTGGCGGGAAGACGACCAAACTGTAGCGTTTAGAGGAAGTAAAAGTCGTAACAAGGTATCC","Calanoida"
"13","KP768147","KP768147",213.182,"nr","Pleuromamma robusta isolate PROBU_O88 18S ribosomal RNA gene, partial sequence",1.93e-50,"97.40%",143,9,"Pleuromamma robusta","5558c5f4832da2ee057a784037ba19d0","100.00%","CGCCCGTCGCTACTACCGATTGAACGTTTTAGTGAGGTCCACGGACTGTTTGCAGAGCGGATTATTCTGCCCTGCTGGCGGGAAGTCGACCAAACTTGAGCGTTTAGAGGAAGTAAAAGTCGTAACAAGGTTTCC","Calanoida"
"14","OQ162327","OQ162327",240.233,"nr","Calanus glacialis clone CNT00002 small subunit ribosomal RNA gene and internal transcribed spacer 1, partial sequence",1.39e-58,"99.60%",1814,1680,"Calanus glacialis","5afef1109ced5c03c662205a2eb4d56a","100.00%","CGCCCGTCGCTACTACCGATTGAACGTTTTAGTGAGGTCCTCGGACTGTTTGCCTGGCGGATTACTCTGCCTGGCTGGCGGGAAGACGACCAAACTGTAGCGTTTAGAGGAAGTAAAAGTCGTAACAAGGTTTCC","Calanoida"
"15","LC581954","LC581954",231.216,"nr","Centropages bradyi NPCEBR01 gene for 18S rRNA, partial sequence",7.2e-56,"97.80%",428,299,"Centropages bradyi","5bc9a1150e692d94a3dec211c0aae651","96.30%","CGCCCGTCGCTACTACCGATTGAACGTTATAGTGAGGACCTCGGATTGTTTGTTTTGCGTCTAACGCCGCTCAACTGACGAAAAGACGTCCAAACTGTTGCGTTTAGAGGAAGTAAAAGTCGTAACAAGG","Calanoida"
"16","KP768147","KP768147",218.592,"nr","Pleuromamma robusta isolate PROBU_O88 18S ribosomal RNA gene, partial sequence",4.55e-52,"97.40%",143,11,"Pleuromamma robusta","662e16432a806436df2f9ee5db1a9766","98.52%","CCCGTCGCTACTACCGATTGAACGTTTTAGTGAGGTCCACGGACTGTTTGCAGAGCGGATTATTCTGCCCTGCTGGCGGGAAGTCGACCAAACTTGAGCGTTTAGAGGAAGTAAAAGTCGTAACAAGGTTTCC","Calanoida"
"17","MF959840","MF959840",244.741,"nr","Omorius sp. LM15 18S ribosomal RNA gene, partial sequence",3.27e-60,"100.00%",1757,1623,"Omorius sp.","70b15e7d989f943cae8d8005743fee83","100.00%","CGCCCGTCGCTACTACCGATTGAACGTTTTAGTGAGGTCCTCGGACTGTTTGGTAGGCGGATTACTCTGCCTGCCTGGCGGGAAGACGACCAAACTGTAGCGTTTAGAGGAAGTAAAAGTCGTAACAAGGTTTCC","Calanoida"
"18","KX896457","KX896457",255.561,"nr","Spiochaetopterus sp. 1 JM-2017 voucher SIO-BIC A3497 18S ribosomal RNA gene, partial sequence",1.92e-63,"100.00%",1682,1542,"Spiochaetopterus sp.","7ee243bc100148d08479b247e1722aa1","100.00%","CGCCCGTCGCTACTACCGATTGAATGGTTTAGTGAGATCCTCGGATTGGTCCCGGGATGGTGGGCAACTGCCGCTCCGGTGTGCTGAGAAGACGATCAAACTTGATCATTTAGAGGAAGTAAAAGTCGTAACAAGGTTTCC","Spionida"
"19","KP768147","KP768147",199.657,"nr","Pleuromamma robusta isolate PROBU_O88 18S ribosomal RNA gene, partial sequence",1.22e-46,"96.30%",143,9,"Pleuromamma robusta","7fad3abb93c7c3f49d20df7aafba499c","100.00%","CGCCCGTCGCTACTACCGATTGAACGTTTTAGTGAGGTCCACGGACTGTTTGCAGAGCGGATTATTCTGCCCTGCTGGCGGGAAGTCGACCAAACTTGAGCGTTTAGAGGAAGTAAAAGTCGTAACAAGGTTTCC","Calanoida"
"20","MF796508","MF796508",202.362,"nr","Ryocalanus sp. morphotype 7 SL-2018 isolate JR2 18S ribosomal RNA gene, partial sequence",3.46e-47,"95.40%",1755,1627,"Ryocalanus sp.","8073a3614e37e6d73408f137b101201b","96.27%","GTCGCTACTACCGATTGAACGTTTTAGTGAGGTCCTCAGACTGTTTGGTTGGCAGATTACTCTGCCTGCCTGGTGGGAAGACGACCAAACTGTAGCGTTTAGAGGAAGTAAAAGTCGTAACAAGGTTTC","Calanoida"
"21","MF959840","MF959840",218.592,"nr","Omorius sp. LM15 18S ribosomal RNA gene, partial sequence",4.55e-52,"97.40%",1757,1625,"Omorius sp.","827c82491c397fd4e0c26458cc0be1ba","98.52%","CCCGTCGCTACTACCGATTGAACGTTTTAGTGAGGTCCTCGGACTGTTTGGTAGGCGGATTACTCTGCCTGCCTGGCGGGAAGACGACCAAACTGTAGCGTTTAGAGGAAGTAAAAGTCGTAACAAGGTTTCC","Calanoida"
"22","KP768147","KP768147",190.64,"nr","Pleuromamma robusta isolate PROBU_O88 18S ribosomal RNA gene, partial sequence",6.32e-44,"95.60%",143,9,"Pleuromamma robusta","839b399b80c59cc422a872b3a4b244af","100.00%","CGCCCGTCGCTACTACCGATTGAACGTTTTAGTGAGGTCCACGGACTGTTTGCAGAGCGGATTATTCTGCCCTGCTGGCGGGAAGTCGACCAAACTTGAGCGTTTAGAGGAAGTAAAAGTCGTAACAAGGTTTCC","Calanoida"
"23","MF959840","MF959840",194.247,"nr","Omorius sp. LM15 18S ribosomal RNA gene, partial sequence",5.19e-45,"96.30%",1757,1623,"Omorius sp.","8c9b903eb46cb590ca0ff985fc33cf74","100.00%","CGCCCGTCGCTACTACCGATTGAACGTTTTAGTGAGGTCCTCGGACTGTTTGGTAGGCGGATTACTCTGCCTGCCTGGCGGGAAGACGACCAAACTGTAGCGTTTAGAGGAAGTAAAAGTCGTAACAAGGTTTCC","Calanoida"
"24","LC581994","LC581994",240.233,"nr","Clausocalanus farrani SJCLFA01 gene for 18S rRNA, partial sequence",1.39e-58,"99.60%",429,295,"Clausocalanus farrani","8e94aa53e61d5b52c47e0c769ae06197","100.00%","CGCCCGTCGCTACTACCGATTGAACGTTTTAGTGAGGTCCTCGGACTGTTTGGTAGTCGGATCACTCTGACTGCCTGGCGGGAAGACGACCAAACTGTAGCGTTTAGAGGAAGTAAAAGTCGTAACAAGGTATCC","Calanoida"
"25","MK844770","MK844770",213.182,"nr","Metridia longa voucher WS127 small subunit ribosomal RNA gene, partial sequence",1.93e-50,"97.40%",472,338,"Metridia longa","99e44c90fc18eaf5099b20da2c51fe69","100.00%","CGCCCGTCGCTACTACCGATTGAACGTTTTAGTGAGGTCCACGGACTGTTTGCAGAGCGGATTATTCTGCCTTGCTGGCGGGAAGTCGACCAAACTTGAGCGTTTAGAGGAAGTAAAAGTCGTAACAAGGTTTCC","Calanoida"
"26","AF158725","AF158725",244.741,"nr","Thalia democratica internal transcribed spacer 1, 5.8S ribosomal RNA gene, internal transcribed spacer 2, and 26S ribosomal RNA gene, complete sequence",3.44e-60,"98.20%",135,1,"Thalia democratica","a3c0dfb104f5583d80e4712cbd17d202","96.43%","GTCGCTACTACCGATTGAATGGTTTAGTGAGGTCCTCCGATTGAGCCTGGTACGTGCGGCAACGCACTCGCCGGTGTTCGAAAAGACGATCGAACTTGATCATTTAGAGGAAGTAAAAGTCGTAACAAGGTTTCC","Salpida"
"27","AB013012","AB013012",227.609,"nr","Doliolum nationalis gene for 18S rRNA, partial sequence",9.5e-55,"97.60%",1785,1643,"Doliolum nationalis","a8585e190ceb322dd4f6d929aa859a72","100.00%","CGCCCGTCGCTACTACCGATTGAACGGTTTAGTGAGGTCCTCCGATTGGTCCGGGATTGGCCGCCCTCGGTGGCCGTACTCCGGACCGAAAAGACGACCGAACTTGATCGTTTAGAGGAAGTAAAAGTCGTAACAAGGTTTCC","Doliolida"
"28","KY363982","KY363982",229.412,"nr","Earleria panicula isolate MHNG-HYD-DNA1162 18S ribosomal RNA gene, partial sequence",2.62e-55,"98.20%",1768,1630,"Earleria panicula","b236f0679c4db01c2dfa6e280571d32c","100.00%","CGCCCGTCGCTACTACCGATTGAATGGTTTAGTGAGATCTTTGGATTGGCTCTGTAGGTCCTGCAAGGGACTTACAAGCAGCCGAAAAAATGGCCAAACTTGACTATTTAGAGGAAGTAAAAGTCGTAACAAGGTTTCC","Leptothecata"
"29","KT722394","KT722394",231.216,"nr","Eucheilota maculata voucher LEM m3x S132 small subunit 18S ribosomal RNA gene, partial sequence",7.58e-56,"98.20%",1793,1654,"Eucheilota maculata","b3a8ed588b50de7ea7fec9913ff9ba64","100.00%","CGCCCGTCGCTACTACCGATTGGATGGATTAGTGAGATCTTTGGATTGGCACTATGGGGCTCCTTGTGAGTCCCTTAGCTCGCTGAGAAGCTGCTCAAACTAATTTATCTAGAGGAAGTAAAAGTCGTAACAAGGTTTCC","Leptothecata"
"30","KX421848","KX421848",216.789,"nr","Clausophyes moserae 18S ribosomal RNA gene, complete sequence",1.62e-51,"97.40%",1755,1619,"Clausophyes moserae","ba50a7396ee9d40bfadc7d4ad23d4a25","100.00%","CGCCCGTCGCTACTACCGATTGAATGGTTTAGTGAGATCTTCGGATTGGCACCGTCGCGGCCTAACGGAAGTGATGGTGCCGAAAAGTTGCTCAAACTTGATCATTTAGAGGAAGTAAAAGTCGTAACAAGGTTTCC","Siphonophorae"
"31","KP768147","KP768147",209.575,"nr","Pleuromamma robusta isolate PROBU_O88 18S ribosomal RNA gene, partial sequence",2.35e-49,"96.60%",143,11,"Pleuromamma robusta","c767bb0686e192e049eeb1c1911431a9","98.52%","CCCGTCGCTACTACCGATTGAACGTTTTAGTGAGGTCCACGGACTGTTTGCAGAGCGGATTATTCTGCCCTGCTGGCGGGAAGTCGACCAAACTTGAGCGTTTAGAGGAAGTAAAAGTCGTAACAAGGTTTCC","Calanoida"
"32","MF796519","MF796519",244.741,"nr","Paraeuchaeta parvula isolate 359 18S ribosomal RNA gene, partial sequence",3.27e-60,"100.00%",1757,1623,"Paraeuchaeta parvula","cc2be40a53475ffcc049703af83677ea","100.00%","CGCCCGTCGCTACTACCGATTGAACGTTTTAGTGAGGTCCTCGGACTGTTTGGTAGGCGGATTGCTCTGCCTGCCTGGCGGGAAGACGACCAAACTGTAGCGTTTAGAGGAAGTAAAAGTCGTAACAAGGTTTCC","Calanoida"
"33","KP768147","KP768147",208.674,"nr","Pleuromamma robusta isolate PROBU_O88 18S ribosomal RNA gene, partial sequence",2.35e-49,"97.00%",143,9,"Pleuromamma robusta","df2580d65da348ac6810a03cff41a903","100.00%","CGCCCGTCGCTACTACCGATTGAACGTTTTAGTGAGGTCCACGGACTGTTTGCAGAGCGGATTATTCTGCCCTGCTGGCGGGAAGTCGACCAAACTTGAGCGTTTAGAGGAAGTAAAAGTCGTAACAAGGTTTCC","Calanoida"
"34","MF796502","MF796502",244.741,"nr","Spinocalanus cf. magnus 360 18S ribosomal RNA gene, partial sequence",3.27e-60,"100.00%",1757,1623,"Spinocalanus cf.","e9d600d49b1f9f49f80472291f3669d2","100.00%","CGCCCGTCGCTACTACCGATTGAACGTTTTAGTGAGGCCCTCGGACTGTTTGGTTCGCGGATTACTCTGCCTGCCCGATTGGAAGACGGCCAAACTGTAGCGTTTAGAGGAAGTAAAAGTCGTAACAAGGTTTCC","Calanoida"
"35","MK844770","MK844770",213.182,"nr","Metridia longa voucher WS127 small subunit ribosomal RNA gene, partial sequence",1.93e-50,"97.40%",472,338,"Metridia longa","ef14c6bb9ae3c1170e45b29849ea509d","100.00%","CGCCCGTCGCTACTACCGATTGAACGTTTTAGTGAGGTCCACGGACTGTTTGCAGAGCGGATTATTCTGCCTTGCTGGCGGGAAGTCGACCAAACTTGAGCGTTTAGAGGAAGTAAAAGTCGTAACAAGGTTTCC","Calanoida"
"36","OX439012","OX439012",237.528,"nr","Amphiduros pacificus genome assembly, chromosome: 13",5.15e-58,"98.60%",922695,922555,"Amphiduros pacificus","f6d7b514845c955227db05347309cc5c","100.00%","CGCCCGTCGCTACTACCGATTGAATGGTTTAGTGAGATCCTCGGATTGGTCCCGTCCTGGAGGGCAACCTTCGAGACGGTGTGCCGAGAAGACGATCAAACTTGATCATTTAGAGGAAGTAAAAGTCGTAACAAGGTTTCC","Phyllodocida"
"37","LC582045","LC582045",240.233,"nr","Mecynocera clausi NPMECL02 gene for 18S rRNA, partial sequence",1.39e-58,"99.60%",435,301,"Mecynocera clausi","f8d28a949b7f0508e92f4c470c9032d7","100.00%","CGCCCGTCGCTACTACCGATTGAACGTTTTAGTGAGGTCCTCGGACTGTGTGCTTGGCGGATCACTCTGCCTCGCCTGCGGAAAGACGACCAAACTGTAGCGTTTAGAGGAAGTAAAAGTCGTAACAAGGTATCC","Calanoida"
"38","AB013012","AB013012",236.626,"nr","Doliolum nationalis gene for 18S rRNA, partial sequence",1.83e-57,"98.30%",1785,1643,"Doliolum nationalis","f925802063498537ec4781bbe7a30518","100.00%","CGCCCGTCGCTACTACCGATTGAACGGTTTAGTGAGGTCCTCCGATTGGTCCGGGATTGGCCGCCCTCGGTGGCCGTACTCCGGACCGAAAAGACGACCGAACTTGATCGTTTAGAGGAAGTAAAAGTCGTAACAAGGTTTCC","Doliolida"
"39","KP768147","KP768147",190.64,"nr","Pleuromamma robusta isolate PROBU_O88 18S ribosomal RNA gene, partial sequence",6.32e-44,"95.60%",143,9,"Pleuromamma robusta","01d454571201946481b2e43ba9cf04a0","100.00%","CGCCCGTCGCTACTACCGATTGAACGTTTTAGTGAGGTCCACGGACTGTTTGCAGAGCGGATTATTCTGCCCTGCTGGCGGGAAGTCGACCAAACTTGAGCGTTTAGAGGAAGTAAAAGTCGTAACAAGGTTTCC","Calanoida"
"40","MF077786","MF077786",248.348,"nr","Mormonilla sp. DZMBK37 isolate 18S14 18S ribosomal RNA gene, partial sequence",2.74e-61,"100.00%",1789,1653,"Mormonilla sp.","052686d6eddfee9f88fd9f07d78e1091","100.00%","CGCCCGTCGCTACTACCGATTGAACGTTTTAGTGAGGTATTTGGATCGGACCTCTGGAGATTCGCGTCTCTAGTGCCGTCTGAGAAGACTCCCAAACTTGAGCGTTTAGAGGAAGTAAAAGTCGTAACAAGGTTTCC","Mormonilloida"
"41","LC582013","LC582013",219.494,"nr","Oithona similis NPOISI03 gene for 18S rRNA, partial sequence",1.34e-52,"97.80%",430,294,"Oithona similis","0a2de7e900a6707120e06d4522ad2aa9","100.00%","CGCCCGTCGCTACTACCGATTGAACGTTTTAGTGAGGTATTTGGACTGGGCCTTGGGAGGATTCGTTCTCCCATGTTGCTCGGGAAGACTCCCAAACTTGAGCGTTTAGAGGAAGTAAAAGTCGTAACAAGGTATCC","Calanoida"
"42","LC581965","LC581965",203.264,"nr","Oncaea mediterranea NPONME02 gene for 18S rRNA, partial sequence",1.02e-47,"96.40%",434,298,"Oncaea mediterranea","0c5cae15a5000f232d20fd9ea3de7c7c","100.00%","CGCCCGTCGCTACTACCGATTGAACGTTTTAGTGAGAAATCTGGATTCGACCTCCTTGGGTTCATTCCCACGGTGCTGTCGGAGAAGTTTTTCAAACTTGAGCGTTTAGAGGAAGTAAAAGTCGTAACAAGGTATCC","Cyclopoida"
"43","LC582015","LC582015",194.247,"nr","Oncaea waldemari NPONWA02 gene for 18S rRNA, partial sequence",5.29e-45,"95.60%",424,288,"Oncaea waldemari","17c6403d246da69a72a02df4054d1ab3","100.00%","CGCCCGTCGCTACTACCGATTGAACGTTTTAGTGAGAAATCTGGATTCGACCTCTGTGGGTTCATTCCCACAGTGCTGTCGGAGAAGTTTTTCAAACTTGAGCGTTTAGAGGAAGTAAAAGTCGTAACAAGGTATCC","Cyclopoida"
"44","MF796502","MF796502",202.362,"nr","Spinocalanus cf. magnus 360 18S ribosomal RNA gene, partial sequence",3.5e-47,"96.30%",1757,1624,"Spinocalanus cf.","2ad48c84410b8053364fdea5cc59fd5b","99.26%","GCCCGTCGCTACTACCGATTGAACGTTTTAGTGAGGCCCTCGGACTGTTTGGTTCGCGGATTACTCTGCCTGCCCGATTGGAAGACGGCCAAACTGTAGCGTTTAGAGGAAGTAAAAGTCGTAACAAGGTTTCC","Calanoida"
"45","AY627016","AY627016",217.691,"nr","Bradya sp. Greenland-RJH-2004 18S small subunit ribosomal RNA gene, partial sequence",4.55e-52,"97.80%",1787,1653,"Bradya sp.","2d8ef03e653454529b43311e977fdc6f","100.00%","CGCCCGTCGCTACTACCGATTGAACGTTTTAGTGAGGCACTTGGATCGGCGCTCTGGAGGTTAACGCCTCTATTGTGCTGAGAAGATTTCCAAACTTGAGCGTTTAGAGGAAGTAAAAGTCGTAACAAGGTTTCC","Harpacticoida"
"46","KX620522","KX620522",248.348,"nr","Oncaea venusta 18S ribosomal RNA gene, partial sequence; internal transcribed spacer 1, 5.8S ribosomal RNA gene, and internal transcribed spacer 2, complete sequence; and 28S ribosomal RNA gene, partial sequence",2.74e-61,"100.00%",142,6,"Oncaea venusta","3e49921662e4a345b4622d5934d53d6e","100.00%","CGCCCGTCGCTACTACCGATTGAACGTTTTAGTGAGAAATCTGGATTCGACCTCTGTGGGTTCATTCCCACAGTGCTGTCGGAGAAGTTTTTCAAACTTGAGCGTTTAGAGGAAGTAAAAGTCGTAACAAGGTAGCT","Cyclopoida"
"47","MK844770","MK844770",208.674,"nr","Metridia longa voucher WS127 small subunit ribosomal RNA gene, partial sequence",2.35e-49,"97.00%",472,338,"Metridia longa","547ad36376fa8a9118c08be553cdbb38","100.00%","CGCCCGTCGCTACTACCGATTGAACGTTTTAGTGAGGTCCACGGACTGTTTGCAGAGCGGATTATTCTGCCTTGCTGGCGGGAAGTCGACCAAACTTGAGCGTTTAGAGGAAGTAAAAGTCGTAACAAGGTTTCC","Calanoida"
"48","LC581909","LC581909",194.247,"nr","Oithona setigera ECOISE01 gene for 18S rRNA, partial sequence",5.29e-45,"95.60%",430,294,"Oithona setigera","59e1a64552c1040606034a2f7a319552","100.00%","CGCCCGTCGCTACTACCGATTGAACGTTTTAGTGAGGTATTTGGACTGGGCCTTTGGAGGTTTCGACCTCCAATGCTGCTCGGGAAGACTCCCAAACTTGAGCGTTTAGAGGAAGTAAAAGTCGTAACAAGGTATCC","Calanoida"
"49","JF781539","JF781539",212.28,"nr","Oithona sp. 1 New Caledonia-RJH-2001 18S ribosomal RNA gene, partial sequence",1.97e-50,"97.10%",1778,1642,"Oithona sp.","5d9d318487d9efaafa7725500873769f","100.00%","CGCCCGTCGCTACTACCGATTGAACGTTTTAGTGAGGTATTTGGACTGGGCCTTGGGAGGTTTCGGCCTCCCTTGTTGCTCGGAAAGACTCCCAAACTTGAGCGTTTAGAGGAAGTAAAAGTCGTAACAAGGTTTCC","Calanoida"
"50","AB625965","AB625965",186.132,"nr","Lucicutia ovaliformis gene for 18S ribosomal RNA, partial sequence",2.69e-42,"95.20%",1716,1582,"Lucicutia ovaliformis","6c6cf16fb21bef83332b62da58a75a45","100.00%","CGCCCGTCGCTACTACCGATTGAACGTTTTAGTGAGGTCCTCGGACTGTTTGCGAAGCGGATTATTCTGCCTCGCTGGCGGGAAGACGACCAAACTGTAGCGTTTAGAGGAAGTAAAAGTCGTAACAAGGTTTCC","Calanoida"
"51","FJ906774","FJ906774",227.609,"nr","Lepas pectinata isolate SE_Pacific_08 18S ribosomal RNA gene, partial sequence",8.14e-55,"99.60%",1697,1570,"Lepas pectinata","75dd60faa71c147cab0b13ed77335c81","100.00%","CGCCCGTCGCTACTACCGATGGATGATTTGGTGAGGTCGCCTAGACTGGCCGCTGGCTTCGGCCGTGTGGCCGGGAAGACGCCCAAACTTGGTCGTCTAGAGGAAGTAAAAGTCGTAACAAGGTTTCC","Scalpellomorpha"
"52","LC581909","LC581909",219.494,"nr","Oithona setigera ECOISE01 gene for 18S rRNA, partial sequence",1.34e-52,"97.80%",430,294,"Oithona setigera","79d5d93fab96067284a2287b9af83c0e","100.00%","CGCCCGTCGCTACTACCGATTGAACGTTTTAGTGAGGTATTTGGACTGGGCCTTTGGAGGTTTCGACCTCCAATGCTGCTCGGGAAGACTCCCAAACTTGAGCGTTTAGAGGAAGTAAAAGTCGTAACAAGGTATCC","Calanoida"
"53","AB625965","AB625965",190.64,"nr","Lucicutia ovaliformis gene for 18S ribosomal RNA, partial sequence",6.32e-44,"95.60%",1716,1582,"Lucicutia ovaliformis","7a33c07ddb6911a68f986d35b27f5ed9","100.00%","CGCCCGTCGCTACTACCGATTGAACGTTTTAGTGAGGTCCTCGGACTGTTTGCGAAGCGGATTATTCTGCCTCGCTGGCGGGAAGACGACCAAACTGTAGCGTTTAGAGGAAGTAAAAGTCGTAACAAGGTTTCC","Calanoida"
"54","EU380303","EU380303",230.314,"nr","Ameira scotti 18S ribosomal RNA gene, partial sequence",7.35e-56,"98.50%",1786,1650,"Ameira scotti","85946a9914ab038f9270e29197bed817","100.00%","CGCCCGTCGCTACTACCGATTGAACGTTTTAGTGAGGCATTTGGACTGGGCCTGATCGGGTTCACGCCTGATTTGTTGCCCGGGAAGACTTCCAAACTTGAGCGTTTAGAGGAAGTAAAAGTCGTAACAAGGTTTCC","Harpacticoida"
"55","LC581954","LC581954",235.724,"nr","Centropages bradyi NPCEBR01 gene for 18S rRNA, partial sequence",1.69e-57,"98.10%",428,299,"Centropages bradyi","8c65a274fb8f0969075b5cd3234caf08","96.30%","CGCCCGTCGCTACTACCGATTGAACGTTATAGTGAGGACCTCGGATTGTTTGTTTTGCGTCTAACGCCGCTCAACTGACGAAAAGACGTCCAAACTGTTGCGTTTAGAGGAAGTAAAAGTCGTAACAAGG","Calanoida"
"56","LC582042","LC582042",242.036,"nr","Farranula carinata NPFACA01 gene for 18S rRNA, partial sequence",4.03e-59,"99.60%",475,340,"Farranula carinata","96b7c8838e22ef7c937edbcd4357eb60","100.00%","CGCCCGTCGCTACTACCGATTGGACGTTTTAGTGAGACATTTGGACTGGGTTAAGATAGTCGCAAGACTACCTTTTCTCCGGAAAGACTTTCAAACTTGAGCGTCTAGAGGAAGTAAAAGTCGTAACAAGGTATCC","Cyclopoida"
"57","MW845821","MW845821",316.876,"nr","Gennadas elegans isolate BSM120/MNHN-IU-2018-1664 small subunit ribosomal RNA gene, partial sequence",8.84e-82,"100.00%",1967,1793,"Gennadas elegans","9b46a32c53825f93354c8306ff33cdf7","100.00%","CGCCCGTCGCTACTACCGATTGAATGGTCTAGTGAGGGCATCGGACTGGCGTTCTTGGAGTGGTCTATCTATCTCTTCACCTCGTGTGTTGAGTAGTAGTAGCCGCGCCTCGAGTCGACGGAAAGATGTCCGAGCTGGGTCATTTAGAGGAAGTAAAAGTCGTAACAAGGTTTCC","Decapoda"
"58","KP768147","KP768147",221.297,"nr","Pleuromamma robusta isolate PROBU_O88 18S ribosomal RNA gene, partial sequence",3.73e-53,"97.40%",142,11,"Pleuromamma robusta","9fe942c1b6f524a6183c48f0f9e08970","97.78%","CCCGTCGCTACTACCGATTGAACGTTTTAGTGAGGTCCACGGACTGTTTGCAGAGCGGATTATTCTGCCCTGCTGGCGGGAAGTCGACCAAACTTGAGCGTTTAGAGGAAGTAAAAGTCGTAACAAGGTTTC","Calanoida"
"59","KP768147","KP768147",220.396,"nr","Pleuromamma robusta isolate PROBU_O88 18S ribosomal RNA gene, partial sequence",1.3e-52,"97.80%",142,9,"Pleuromamma robusta","b4150558b269c64c85a5c79805ea4678","99.26%","CGCCCGTCGCTACTACCGATTGAACGTTTTAGTGAGGTCCACGGACTGTTTGCAGAGCGGATTATTCTGCCCTGCTGGCGGGAAGTCGACCAAACTTGAGCGTTTAGAGGAAGTAAAAGTCGTAACAAGGTTTC","Calanoida"
"60","MK844770","MK844770",226.707,"nr","Metridia longa voucher WS127 small subunit ribosomal RNA gene, partial sequence",8.78e-55,"98.50%",472,338,"Metridia longa","b7d65ae7bdb12816179f3ba5394d9f30","100.00%","CGCCCGTCGCTACTACCGATTGAACGTTTTAGTGAGGTCCACGGACTGTTTGCAGAGCGGATTATTCTGCCTTGCTGGCGGGAAGTCGACCAAACTTGAGCGTTTAGAGGAAGTAAAAGTCGTAACAAGGTTTCC","Calanoida"
"61","MK844770","MK844770",231.216,"nr","Metridia longa voucher WS127 small subunit ribosomal RNA gene, partial sequence",7.2e-56,"98.90%",472,338,"Metridia longa","b8340222969eb765dbf2e38ae11213d6","100.00%","CGCCCGTCGCTACTACCGATTGAACGTTTTAGTGAGGTCCACGGACTGTTTGCAGAGCGGATTATTCTGCCTTGCTGGCGGGAAGTCGACCAAACTTGAGCGTTTAGAGGAAGTAAAAGTCGTAACAAGGTTTCC","Calanoida"
"62","KP768147","KP768147",179.82,"nr","Pleuromamma robusta isolate PROBU_O88 18S ribosomal RNA gene, partial sequence",1.14e-40,"95.30%",143,9,"Pleuromamma robusta","bbcd03bb6a6db7faa0c9b64b57db0378","100.00%","CGCCCGTCGCTACTACCGATTGAACGTTTTAGTGAGGTCCACGGACTGTTTGCAGAGCGGATTATTCTGCCCTGCTGGCGGGAAGTCGACCAAACTTGAGCGTTTAGAGGAAGTAAAAGTCGTAACAAGGTTTCC","Calanoida"
"63","MK844770","MK844770",215.887,"nr","Metridia longa voucher WS127 small subunit ribosomal RNA gene, partial sequence",1.59e-51,"97.40%",472,339,"Metridia longa","bbf3d7615dc4ba04cc4f1415d1816c34","99.26%","GCCCGTCGCTACTACCGATTGAACGTTTTAGTGAGGTCCACGGACTGTTTGCAGAGCGGATTATTCTGCCTTGCTGGCGGGAAGTCGACCAAACTTGAGCGTTTAGAGGAAGTAAAAGTCGTAACAAGGTTTCC","Calanoida"
"64","OQ162327","OQ162327",190.64,"nr","Calanus glacialis clone CNT00002 small subunit ribosomal RNA gene and internal transcribed spacer 1, partial sequence",6.32e-44,"95.60%",1814,1680,"Calanus glacialis","bf9d70bc6d65bd1874fce3aa7894d077","100.00%","CGCCCGTCGCTACTACCGATTGAACGTTTTAGTGAGGTCCTCGGACTGTTTGCCTGGCGGATTACTCTGCCTGGCTGGCGGGAAGACGACCAAACTGTAGCGTTTAGAGGAAGTAAAAGTCGTAACAAGGTTTCC","Calanoida"
"65","MK844782","MK844782",255.561,"nr","Themisto abyssorum voucher WS142 small subunit ribosomal RNA gene, partial sequence",1.92e-63,"100.00%",671,531,"Themisto abyssorum","d159f1f43dce62bd72d8883079620f7d","100.00%","CGCCCGTCGCTACTACCGATTGAGTGTACCAGTGAGATTTTTGGACTGGCGAACCGCAAGCCTTCACGGGCTAGCGGCGTACGACAATAAGAGACTCGAACTGGTGCACTTAGAGGAAGTAAAAGTCGTAACAAGGTTTCC","Amphipoda"
"66","GU969185","GU969185",265.48,"nr","Pleuromamma antarctica 18S ribosomal RNA gene, partial sequence",4.39e-66,"97.20%",1676,1523,"Pleuromamma antarctica","d36a03310958a7b4daaee16b2830de9a","96.25%","CCCTGCCCTTTGTACACACCGCCCGTCGCTACTACCGATTGAACGTTTTAGTGAGGTCCACGGACTGTTTGCAGAGCGGATTATTCTGCCCTGCTGGCGGGAAGTCGACCAAACTTGAGCGTTTAGAGGAAGTAAAAGTCGTAACAAGGTTTCC","Calanoida"
"67","LC581926","LC581926",241.134,"nr","Oithona decipiens NPOIDE01 gene for 18S rRNA, partial sequence",4.07e-59,"98.50%",427,295,"Oithona decipiens","dbf305dbafe365cc99ecc4eadc7444d4","97.08%","CGCCCGTCGCTACTACCGATTGAACGTTTTAGTGAGGTATTTGGACTGGGCCTTGGAAGGTTTCGATCTCCCATGCTGCTCGGGAAGACTCCCAAACTTGAGCGTTTAGAGGAAGTAAAAGTCGTAACAAGGT","Cyclopoida"
"68","KP768147","KP768147",226.707,"nr","Pleuromamma robusta isolate PROBU_O88 18S ribosomal RNA gene, partial sequence",8.78e-55,"98.50%",143,9,"Pleuromamma robusta","e7d96b2fe3355e51fb2048bf773d81fc","100.00%","CGCCCGTCGCTACTACCGATTGAACGTTTTAGTGAGGTCCACGGACTGTTTGCAGAGCGGATTATTCTGCCCTGCTGGCGGGAAGTCGACCAAACTTGAGCGTTTAGAGGAAGTAAAAGTCGTAACAAGGTTTCC","Calanoida"
