Name,Accession,Bit-Score,Database,Description,E Value,Grade,Hit end,Hit start,Organism,Query,Query coverage,Sequence,Order
MZ230461,MZ230461,219.494,nr,"Muggiaea atlantica isolate MA3 small subunit ribosomal RNA gene, partial sequence",1.33e-52,97.40%,1772,1637,Muggiaea atlantica,0159ee7a4ae8542b084318717d36527a,99.27%,CGCCCGTCGCTACTACCGATTGAATGGTTTAGTGAGATCTTCGGATTGGCACAATCGCGGCCTAACGGAAGTGATGGTGCCGAAAAGTTGCTCAAACTTGATCATTTAGAGGAAGTAAAAGTCGTAACAAGGTTTC,Siphonophorae
MF796519,MF796519,240.233,nr,"Paraeuchaeta parvula isolate 359 18S ribosomal RNA gene, partial sequence",1.39e-58,99.60%,1757,1623,Paraeuchaeta parvula,0ae87e229c9846270aa798af93b44825,100.00%,CGCCCGTCGCTACTACCGATTGAACGTTTTAGTGAGGTCCTCGGACTGTTTGGTAGGCGGATTGCTCTGCCTGCCTGGCGGGAAGACGACCAAACTGTAGCGTTTAGAGGAAGTAAAAGTCGTAACAAGGTTTCC,Calanoida
MK621864,MK621864,212.28,nr,"Mesoikopleura haranti isolate haranti-L small subunit ribosomal RNA gene, partial sequence.",2.03e-50,97.20%,1778,1639,Mesoikopleura haranti,1d803c600a9d717ef2301f1587744315,100.00%,CGCCCGTCGCTACTACCGATTGAATGGTTCAGTGAGATAATCGGACTGGTTACTTGGTAATTGGCAACAGTTAACGAGAATACTGGGAAGACGATCAAACTTAGTCATTTAGAGGAAGTAAAAGTCGTAACAAGGTTTCC,Copelata
MG547378,MG547378,218.592,nr,"Rhaptothyreus typicus isolate TAN1701_14_1 18S ribosomal RNA gene, partial sequence",4.45e-52,97.30%,1609,1480,Rhaptothyreus typicus,1e8bab0ad004f6372b3f32b819daf3b9,96.99%,CGCCCGTCGCTACTACCGATTGGATGGTTTAGCCAGGTCTTTGGACCGCTTGTGAGGCTGCTTGCAGTCATTCAACTGGGAAGATGTCCTAACTTGACCATCTAGAGGAAGTAAAAGGTCGTAACATGGT,Enoplida
LC581994,LC581994,235.724,nr,"Clausocalanus farrani SJCLFA01 gene for 18S rRNA, partial sequence",1.69e-57,99.30%,429,295,Clausocalanus farrani,1ff1fff946d91c31af81d78212918049,100.00%,CGCCCGTCGCTACTACCGATTGAACGTTTTAGTGAGGTCCTCGGACTGTTTGGTAGTCGGATCACTCTGACTGCCTGGCGGGAAGACGACCAAACTGTAGCGTTTAGAGGAAGTAAAAGTCGTAACAAGGTATCC,Calanoida
LC581994,LC581994,269.988,nr,"Clausocalanus farrani SJCLFA01 gene for 18S rRNA, partial sequence",1.06e-67,96.30%,429,276,Clausocalanus farrani,30079567906c07853346e8de617ea657,93.90%,CCCTGCCCTTTGTACACACCGCCCGTCGCTACTACCGATTGAACGTTTTAGTGAGGTCCTCGGACTGTTTGGTAGTCGGATCACTCTGACTGCCTGGCGGGAAGACGACCAAACTGTAGCGTTTAGAGGAAGTAAAAGTCGTAACAAGGTATCC,Calanoida
KY363983,KY363983,214.986,nr,"Ptychogena crocea isolate MHNG-HYD-DNA1163 18S ribosomal RNA gene, partial sequence",5.65e-51,97.50%,1763,1626,Ptychogena crocea,34b1241de0ac20359e0e521d41422303,100.00%,CGCCCGTCGCTACTACCGATTGAATGGTTTAGTGAGATCCTCGGATTGGCACCTTTGCTCTTCGCGGAGTCGAAGGCTCGCCGAAAAGTTGCTCAAACTTGATCATTTAGAGGAAGTAAAAGTCGTAACAAGGTTTCC,Leptothecata
LC581962,LC581962,196.952,nr,"Neocalanus flemingeri NPNEFL01 gene for 18S rRNA, partial sequence",1.49e-45,95.10%,426,296,Neocalanus flemingeri,34fb7b0b1a9076e6737ae368be869397,97.04%,CGCCCGTCGCTACTACCGATTGAACGTTTTAGTGAGGTCCTCGGACTGTTTGCCTGGCGGATTACTCTGCCTGGCTGGCGGGAAGACGACCAAACTGTAGCGTTTAGAGGAAGTAAAAGTCGTAACAAGGA,Calanoida
KY363983,KY363983,227.609,nr,"Ptychogena crocea isolate MHNG-HYD-DNA1163 18S ribosomal RNA gene, partial sequence",9.05e-55,98.20%,1763,1626,Ptychogena crocea,3d3cb70e680c1018641a9db0e92ea0e1,100.00%,CGCCCGTCGCTACTACCGATTGAATGGTTTAGTGAGATCCTCGGATTGGCACCTTTGCTCTTCGCGGAGTCGAAGGCTCGCCGAAAAGTTGCTCAAACTTGATCATTTAGAGGAAGTAAAAGTCGTAACAAGGTTTCC,Leptothecata
MT522691,MT522691,245.643,nr,"Trichocerca mucosa isolate JH_002E07 small subunit ribosomal RNA gene, partial sequence",3.41e-60,99.30%,1750,1613,Trichocerca mucosa,3e1ce04e9cccf218bcc69302be79770d,99.28%,CGCCCGTCGCTACTACCGATTGAATGGTTTAGTGAGATCCTCGGATTGATCCGGAAGTGGCCGCAAGGTTGCCTCTAGGTATCGAGAAGACGATCAAACTTGATCATTTAGAGGAAGTAAAAGTCGTAACAAGGTTTC,Ploima
KP768147,KP768147,208.674,nr,"Pleuromamma robusta isolate PROBU_O88 18S ribosomal RNA gene, partial sequence",2.35e-49,97.00%,143,9,Pleuromamma robusta,4669c006de0b3a7bafcc6f1a7f112f80,100.00%,CGCCCGTCGCTACTACCGATTGAACGTTTTAGTGAGGTCCACGGACTGTTTGCAGAGCGGATTATTCTGCCCTGCTGGCGGGAAGTCGACCAAACTTGAGCGTTTAGAGGAAGTAAAAGTCGTAACAAGGTTTCC,Calanoida
LC581994,LC581994,235.724,nr,"Clausocalanus farrani SJCLFA01 gene for 18S rRNA, partial sequence",1.69e-57,99.30%,429,295,Clausocalanus farrani,46871f147cc6f2e6f6da56407213c035,100.00%,CGCCCGTCGCTACTACCGATTGAACGTTTTAGTGAGGTCCTCGGACTGTTTGGTAGTCGGATCACTCTGACTGCCTGGCGGGAAGACGACCAAACTGTAGCGTTTAGAGGAAGTAAAAGTCGTAACAAGGTATCC,Calanoida
KP768147,KP768147,213.182,nr,"Pleuromamma robusta isolate PROBU_O88 18S ribosomal RNA gene, partial sequence",1.93e-50,97.40%,143,9,Pleuromamma robusta,5558c5f4832da2ee057a784037ba19d0,100.00%,CGCCCGTCGCTACTACCGATTGAACGTTTTAGTGAGGTCCACGGACTGTTTGCAGAGCGGATTATTCTGCCCTGCTGGCGGGAAGTCGACCAAACTTGAGCGTTTAGAGGAAGTAAAAGTCGTAACAAGGTTTCC,Calanoida
OQ162327,OQ162327,240.233,nr,"Calanus glacialis clone CNT00002 small subunit ribosomal RNA gene and internal transcribed spacer 1, partial sequence",1.39e-58,99.60%,1814,1680,Calanus glacialis,5afef1109ced5c03c662205a2eb4d56a,100.00%,CGCCCGTCGCTACTACCGATTGAACGTTTTAGTGAGGTCCTCGGACTGTTTGCCTGGCGGATTACTCTGCCTGGCTGGCGGGAAGACGACCAAACTGTAGCGTTTAGAGGAAGTAAAAGTCGTAACAAGGTTTCC,Calanoida
LC581954,LC581954,231.216,nr,"Centropages bradyi NPCEBR01 gene for 18S rRNA, partial sequence",7.20e-56,97.80%,428,299,Centropages bradyi,5bc9a1150e692d94a3dec211c0aae651,96.30%,CGCCCGTCGCTACTACCGATTGAACGTTATAGTGAGGACCTCGGATTGTTTGTTTTGCGTCTAACGCCGCTCAACTGACGAAAAGACGTCCAAACTGTTGCGTTTAGAGGAAGTAAAAGTCGTAACAAGG,Calanoida
KP768147,KP768147,218.592,nr,"Pleuromamma robusta isolate PROBU_O88 18S ribosomal RNA gene, partial sequence",4.55e-52,97.40%,143,11,Pleuromamma robusta,662e16432a806436df2f9ee5db1a9766,98.52%,CCCGTCGCTACTACCGATTGAACGTTTTAGTGAGGTCCACGGACTGTTTGCAGAGCGGATTATTCTGCCCTGCTGGCGGGAAGTCGACCAAACTTGAGCGTTTAGAGGAAGTAAAAGTCGTAACAAGGTTTCC,Calanoida
MF959840,MF959840,244.741,nr,"Omorius sp. LM15 18S ribosomal RNA gene, partial sequence",3.27e-60,100.00%,1757,1623,Omorius sp.,70b15e7d989f943cae8d8005743fee83,100.00%,CGCCCGTCGCTACTACCGATTGAACGTTTTAGTGAGGTCCTCGGACTGTTTGGTAGGCGGATTACTCTGCCTGCCTGGCGGGAAGACGACCAAACTGTAGCGTTTAGAGGAAGTAAAAGTCGTAACAAGGTTTCC,Calanoida
KX896457,KX896457,255.561,nr,"Spiochaetopterus sp. 1 JM-2017 voucher SIO-BIC A3497 18S ribosomal RNA gene, partial sequence",1.92e-63,100.00%,1682,1542,Spiochaetopterus sp.,7ee243bc100148d08479b247e1722aa1,100.00%,CGCCCGTCGCTACTACCGATTGAATGGTTTAGTGAGATCCTCGGATTGGTCCCGGGATGGTGGGCAACTGCCGCTCCGGTGTGCTGAGAAGACGATCAAACTTGATCATTTAGAGGAAGTAAAAGTCGTAACAAGGTTTCC,Spionida
KP768147,KP768147,199.657,nr,"Pleuromamma robusta isolate PROBU_O88 18S ribosomal RNA gene, partial sequence",1.22e-46,96.30%,143,9,Pleuromamma robusta,7fad3abb93c7c3f49d20df7aafba499c,100.00%,CGCCCGTCGCTACTACCGATTGAACGTTTTAGTGAGGTCCACGGACTGTTTGCAGAGCGGATTATTCTGCCCTGCTGGCGGGAAGTCGACCAAACTTGAGCGTTTAGAGGAAGTAAAAGTCGTAACAAGGTTTCC,Calanoida
MF796508,MF796508,202.362,nr,"Ryocalanus sp. morphotype 7 SL-2018 isolate JR2 18S ribosomal RNA gene, partial sequence",3.46e-47,95.40%,1755,1627,Ryocalanus sp.,8073a3614e37e6d73408f137b101201b,96.27%,GTCGCTACTACCGATTGAACGTTTTAGTGAGGTCCTCAGACTGTTTGGTTGGCAGATTACTCTGCCTGCCTGGTGGGAAGACGACCAAACTGTAGCGTTTAGAGGAAGTAAAAGTCGTAACAAGGTTTC,Calanoida
MF959840,MF959840,218.592,nr,"Omorius sp. LM15 18S ribosomal RNA gene, partial sequence",4.55e-52,97.40%,1757,1625,Omorius sp.,827c82491c397fd4e0c26458cc0be1ba,98.52%,CCCGTCGCTACTACCGATTGAACGTTTTAGTGAGGTCCTCGGACTGTTTGGTAGGCGGATTACTCTGCCTGCCTGGCGGGAAGACGACCAAACTGTAGCGTTTAGAGGAAGTAAAAGTCGTAACAAGGTTTCC,Calanoida
KP768147,KP768147,190.64,nr,"Pleuromamma robusta isolate PROBU_O88 18S ribosomal RNA gene, partial sequence",6.32e-44,95.60%,143,9,Pleuromamma robusta,839b399b80c59cc422a872b3a4b244af,100.00%,CGCCCGTCGCTACTACCGATTGAACGTTTTAGTGAGGTCCACGGACTGTTTGCAGAGCGGATTATTCTGCCCTGCTGGCGGGAAGTCGACCAAACTTGAGCGTTTAGAGGAAGTAAAAGTCGTAACAAGGTTTCC,Calanoida
MF959840,MF959840,194.247,nr,"Omorius sp. LM15 18S ribosomal RNA gene, partial sequence",5.19e-45,96.30%,1757,1623,Omorius sp.,8c9b903eb46cb590ca0ff985fc33cf74,100.00%,CGCCCGTCGCTACTACCGATTGAACGTTTTAGTGAGGTCCTCGGACTGTTTGGTAGGCGGATTACTCTGCCTGCCTGGCGGGAAGACGACCAAACTGTAGCGTTTAGAGGAAGTAAAAGTCGTAACAAGGTTTCC,Calanoida
LC581994,LC581994,240.233,nr,"Clausocalanus farrani SJCLFA01 gene for 18S rRNA, partial sequence",1.39e-58,99.60%,429,295,Clausocalanus farrani,8e94aa53e61d5b52c47e0c769ae06197,100.00%,CGCCCGTCGCTACTACCGATTGAACGTTTTAGTGAGGTCCTCGGACTGTTTGGTAGTCGGATCACTCTGACTGCCTGGCGGGAAGACGACCAAACTGTAGCGTTTAGAGGAAGTAAAAGTCGTAACAAGGTATCC,Calanoida
MK844770,MK844770,213.182,nr,"Metridia longa voucher WS127 small subunit ribosomal RNA gene, partial sequence",1.93e-50,97.40%,472,338,Metridia longa,99e44c90fc18eaf5099b20da2c51fe69,100.00%,CGCCCGTCGCTACTACCGATTGAACGTTTTAGTGAGGTCCACGGACTGTTTGCAGAGCGGATTATTCTGCCTTGCTGGCGGGAAGTCGACCAAACTTGAGCGTTTAGAGGAAGTAAAAGTCGTAACAAGGTTTCC,Calanoida
AF158725,AF158725,244.741,nr,"Thalia democratica internal transcribed spacer 1, 5.8S ribosomal RNA gene, internal transcribed spacer 2, and 26S ribosomal RNA gene, complete sequence",3.44e-60,98.20%,135,1,Thalia democratica,a3c0dfb104f5583d80e4712cbd17d202,96.43%,GTCGCTACTACCGATTGAATGGTTTAGTGAGGTCCTCCGATTGAGCCTGGTACGTGCGGCAACGCACTCGCCGGTGTTCGAAAAGACGATCGAACTTGATCATTTAGAGGAAGTAAAAGTCGTAACAAGGTTTCC,Salpida
AB013012,AB013012,227.609,nr,"Doliolum nationalis gene for 18S rRNA, partial sequence",9.50e-55,97.60%,1785,1643,Doliolum nationalis,a8585e190ceb322dd4f6d929aa859a72,100.00%,CGCCCGTCGCTACTACCGATTGAACGGTTTAGTGAGGTCCTCCGATTGGTCCGGGATTGGCCGCCCTCGGTGGCCGTACTCCGGACCGAAAAGACGACCGAACTTGATCGTTTAGAGGAAGTAAAAGTCGTAACAAGGTTTCC,Doliolida
KY363982,KY363982,229.412,nr,"Earleria panicula isolate MHNG-HYD-DNA1162 18S ribosomal RNA gene, partial sequence",2.62e-55,98.20%,1768,1630,Earleria panicula,b236f0679c4db01c2dfa6e280571d32c,100.00%,CGCCCGTCGCTACTACCGATTGAATGGTTTAGTGAGATCTTTGGATTGGCTCTGTAGGTCCTGCAAGGGACTTACAAGCAGCCGAAAAAATGGCCAAACTTGACTATTTAGAGGAAGTAAAAGTCGTAACAAGGTTTCC,Leptothecata
KT722394,KT722394,231.216,nr,"Eucheilota maculata voucher LEM m3x S132 small subunit 18S ribosomal RNA gene, partial sequence",7.58e-56,98.20%,1793,1654,Eucheilota maculata,b3a8ed588b50de7ea7fec9913ff9ba64,100.00%,CGCCCGTCGCTACTACCGATTGGATGGATTAGTGAGATCTTTGGATTGGCACTATGGGGCTCCTTGTGAGTCCCTTAGCTCGCTGAGAAGCTGCTCAAACTAATTTATCTAGAGGAAGTAAAAGTCGTAACAAGGTTTCC,Leptothecata
KX421848,KX421848,216.789,nr,"Clausophyes moserae 18S ribosomal RNA gene, complete sequence",1.62e-51,97.40%,1755,1619,Clausophyes moserae,ba50a7396ee9d40bfadc7d4ad23d4a25,100.00%,CGCCCGTCGCTACTACCGATTGAATGGTTTAGTGAGATCTTCGGATTGGCACCGTCGCGGCCTAACGGAAGTGATGGTGCCGAAAAGTTGCTCAAACTTGATCATTTAGAGGAAGTAAAAGTCGTAACAAGGTTTCC,Siphonophorae
KP768147,KP768147,209.575,nr,"Pleuromamma robusta isolate PROBU_O88 18S ribosomal RNA gene, partial sequence",2.35e-49,96.60%,143,11,Pleuromamma robusta,c767bb0686e192e049eeb1c1911431a9,98.52%,CCCGTCGCTACTACCGATTGAACGTTTTAGTGAGGTCCACGGACTGTTTGCAGAGCGGATTATTCTGCCCTGCTGGCGGGAAGTCGACCAAACTTGAGCGTTTAGAGGAAGTAAAAGTCGTAACAAGGTTTCC,Calanoida
MF796519,MF796519,244.741,nr,"Paraeuchaeta parvula isolate 359 18S ribosomal RNA gene, partial sequence",3.27e-60,100.00%,1757,1623,Paraeuchaeta parvula,cc2be40a53475ffcc049703af83677ea,100.00%,CGCCCGTCGCTACTACCGATTGAACGTTTTAGTGAGGTCCTCGGACTGTTTGGTAGGCGGATTGCTCTGCCTGCCTGGCGGGAAGACGACCAAACTGTAGCGTTTAGAGGAAGTAAAAGTCGTAACAAGGTTTCC,Calanoida
KP768147,KP768147,208.674,nr,"Pleuromamma robusta isolate PROBU_O88 18S ribosomal RNA gene, partial sequence",2.35e-49,97.00%,143,9,Pleuromamma robusta,df2580d65da348ac6810a03cff41a903,100.00%,CGCCCGTCGCTACTACCGATTGAACGTTTTAGTGAGGTCCACGGACTGTTTGCAGAGCGGATTATTCTGCCCTGCTGGCGGGAAGTCGACCAAACTTGAGCGTTTAGAGGAAGTAAAAGTCGTAACAAGGTTTCC,Calanoida
MF796502,MF796502,244.741,nr,"Spinocalanus cf. magnus 360 18S ribosomal RNA gene, partial sequence",3.27e-60,100.00%,1757,1623,Spinocalanus cf.,e9d600d49b1f9f49f80472291f3669d2,100.00%,CGCCCGTCGCTACTACCGATTGAACGTTTTAGTGAGGCCCTCGGACTGTTTGGTTCGCGGATTACTCTGCCTGCCCGATTGGAAGACGGCCAAACTGTAGCGTTTAGAGGAAGTAAAAGTCGTAACAAGGTTTCC,Calanoida
MK844770,MK844770,213.182,nr,"Metridia longa voucher WS127 small subunit ribosomal RNA gene, partial sequence",1.93e-50,97.40%,472,338,Metridia longa,ef14c6bb9ae3c1170e45b29849ea509d,100.00%,CGCCCGTCGCTACTACCGATTGAACGTTTTAGTGAGGTCCACGGACTGTTTGCAGAGCGGATTATTCTGCCTTGCTGGCGGGAAGTCGACCAAACTTGAGCGTTTAGAGGAAGTAAAAGTCGTAACAAGGTTTCC,Calanoida
OX439012,OX439012,237.528,nr,"Amphiduros pacificus genome assembly, chromosome: 13",5.15e-58,98.60%,922695,922555,Amphiduros pacificus,f6d7b514845c955227db05347309cc5c,100.00%,CGCCCGTCGCTACTACCGATTGAATGGTTTAGTGAGATCCTCGGATTGGTCCCGTCCTGGAGGGCAACCTTCGAGACGGTGTGCCGAGAAGACGATCAAACTTGATCATTTAGAGGAAGTAAAAGTCGTAACAAGGTTTCC,Phyllodocida
LC582045,LC582045,240.233,nr,"Mecynocera clausi NPMECL02 gene for 18S rRNA, partial sequence",1.39e-58,99.60%,435,301,Mecynocera clausi,f8d28a949b7f0508e92f4c470c9032d7,100.00%,CGCCCGTCGCTACTACCGATTGAACGTTTTAGTGAGGTCCTCGGACTGTGTGCTTGGCGGATCACTCTGCCTCGCCTGCGGAAAGACGACCAAACTGTAGCGTTTAGAGGAAGTAAAAGTCGTAACAAGGTATCC,Calanoida
AB013012,AB013012,236.626,nr,"Doliolum nationalis gene for 18S rRNA, partial sequence",1.83e-57,98.30%,1785,1643,Doliolum nationalis,f925802063498537ec4781bbe7a30518,100.00%,CGCCCGTCGCTACTACCGATTGAACGGTTTAGTGAGGTCCTCCGATTGGTCCGGGATTGGCCGCCCTCGGTGGCCGTACTCCGGACCGAAAAGACGACCGAACTTGATCGTTTAGAGGAAGTAAAAGTCGTAACAAGGTTTCC,Doliolida